{
  "type": "FeatureCollection",
  "features": [
    {
      "type": "Feature",
      "properties": { "name": "대구광역시 외부", "layer_type": "outside_mask" },
      "geometry": {
        "type": "Polygon",
        "coordinates": [
          [
            [124, 32],
            [132, 32],
            [132, 39.5],
            [124, 39.5],
            [124, 32]
          ],
          [
            [128.351476, 35.69943],
            [128.351522, 35.700019],
            [128.351575, 35.700736],
            [128.351606, 35.70125],
            [128.351626, 35.701573],
            [128.351728, 35.703102],
            [128.351797, 35.704016],
            [128.352301, 35.704492],
            [128.352933, 35.705079],
            [128.353242, 35.705367],
            [128.354578, 35.706615],
            [128.354827, 35.706849],
            [128.355343, 35.707333],
            [128.356752, 35.708058],
            [128.357901, 35.708539],
            [128.358878, 35.708701],
            [128.358908, 35.708696],
            [128.361769, 35.708233],
            [128.362227, 35.708121],
            [128.363484, 35.707811],
            [128.364987, 35.707441],
            [128.366238, 35.706925],
            [128.366818, 35.706691],
            [128.368228, 35.706267],
            [128.369342, 35.70593],
            [128.370785, 35.705493],
            [128.372082, 35.705102],
            [128.373143, 35.704653],
            [128.37407, 35.704265],
            [128.374529, 35.704072],
            [128.374802, 35.703957],
            [128.374881, 35.703923],
            [128.375538, 35.70365],
            [128.375884, 35.703505],
            [128.376505, 35.703242],
            [128.376925, 35.703063],
            [128.378164, 35.702683],
            [128.379399, 35.702318],
            [128.380627, 35.70195],
            [128.381973, 35.701548],
            [128.382721, 35.701515],
            [128.385103, 35.701401],
            [128.385289, 35.701393],
            [128.385763, 35.701372],
            [128.386123, 35.701353],
            [128.386802, 35.70132],
            [128.387245, 35.701297],
            [128.389133, 35.701155],
            [128.391564, 35.700975],
            [128.392028, 35.70094],
            [128.393186, 35.700773],
            [128.394482, 35.700589],
            [128.395753, 35.700407],
            [128.396422, 35.700311],
            [128.397063, 35.700223],
            [128.398431, 35.699837],
            [128.401527, 35.698975],
            [128.402108, 35.698815],
            [128.403119, 35.698536],
            [128.40397, 35.698297],
            [128.404867, 35.698048],
            [128.405231, 35.697943],
            [128.40614, 35.697702],
            [128.407154, 35.697432],
            [128.408087, 35.697141],
            [128.408727, 35.696937],
            [128.409886, 35.696577],
            [128.411037, 35.696216],
            [128.412202, 35.695842],
            [128.413305, 35.695907],
            [128.414541, 35.695979],
            [128.415409, 35.696031],
            [128.417214, 35.696441],
            [128.418078, 35.696416],
            [128.419114, 35.696393],
            [128.420462, 35.69677],
            [128.420821, 35.696872],
            [128.422223, 35.697269],
            [128.422669, 35.697473],
            [128.422952, 35.697605],
            [128.423139, 35.697698],
            [128.423206, 35.697738],
            [128.423316, 35.697812],
            [128.423637, 35.698032],
            [128.423953, 35.698254],
            [128.424765, 35.698777],
            [128.425059, 35.698969],
            [128.425458, 35.699229],
            [128.426106, 35.699857],
            [128.427187, 35.700969],
            [128.427766, 35.701572],
            [128.429836, 35.703149],
            [128.430689, 35.703798],
            [128.431447, 35.704369],
            [128.432147, 35.704895],
            [128.432789, 35.705536],
            [128.432963, 35.705714],
            [128.433066, 35.705812],
            [128.433131, 35.705879],
            [128.433187, 35.705949],
            [128.433389, 35.706231],
            [128.433981, 35.70707],
            [128.434134, 35.70777],
            [128.434206, 35.708157],
            [128.434213, 35.708196],
            [128.434589, 35.709274],
            [128.43482, 35.710539],
            [128.434849, 35.71148],
            [128.434853, 35.711806],
            [128.434861, 35.712386],
            [128.434866, 35.713006],
            [128.434889, 35.714758],
            [128.434764, 35.715481],
            [128.434687, 35.71595],
            [128.434635, 35.716257],
            [128.434624, 35.716325],
            [128.434598, 35.716477],
            [128.434507, 35.71702],
            [128.434339, 35.718029],
            [128.434229, 35.718803],
            [128.434151, 35.719356],
            [128.434094, 35.719724],
            [128.434004, 35.720332],
            [128.433858, 35.721302],
            [128.43372, 35.721931],
            [128.433641, 35.722276],
            [128.433612, 35.72235],
            [128.433382, 35.722923],
            [128.43325, 35.723235],
            [128.433207, 35.723335],
            [128.433056, 35.723596],
            [128.433042, 35.723623],
            [128.432791, 35.724086],
            [128.432528, 35.724565],
            [128.43216, 35.7251],
            [128.431816, 35.725598],
            [128.43053, 35.726429],
            [128.429452, 35.727121],
            [128.428418, 35.727799],
            [128.42811, 35.728023],
            [128.427249, 35.728648],
            [128.426737, 35.729021],
            [128.425853, 35.729642],
            [128.42515, 35.730139],
            [128.42389, 35.731028],
            [128.423608, 35.731294],
            [128.42349, 35.731398],
            [128.423315, 35.731563],
            [128.422705, 35.73214],
            [128.42249, 35.732345],
            [128.422313, 35.732515],
            [128.421646, 35.733135],
            [128.41996, 35.733983],
            [128.419864, 35.734031],
            [128.419413, 35.734258],
            [128.418768, 35.734626],
            [128.41847, 35.734796],
            [128.417779, 35.735193],
            [128.416952, 35.735675],
            [128.416577, 35.735895],
            [128.416196, 35.736091],
            [128.41609, 35.736145],
            [128.413509, 35.737472],
            [128.412852, 35.737826],
            [128.412619, 35.737951],
            [128.411509, 35.738557],
            [128.410329, 35.73905],
            [128.410181, 35.739111],
            [128.409532, 35.739382],
            [128.408687, 35.739735],
            [128.406449, 35.740674],
            [128.40138, 35.743355],
            [128.400541, 35.743661],
            [128.400449, 35.743694],
            [128.399941, 35.74388],
            [128.399184, 35.744176],
            [128.399128, 35.744199],
            [128.398056, 35.744624],
            [128.397001, 35.745037],
            [128.396323, 35.745306],
            [128.396037, 35.745469],
            [128.395569, 35.745744],
            [128.395299, 35.745898],
            [128.394736, 35.746226],
            [128.3944, 35.746419],
            [128.393696, 35.746823],
            [128.393617, 35.746869],
            [128.393244, 35.747084],
            [128.392235, 35.747721],
            [128.391247, 35.748353],
            [128.390827, 35.74888],
            [128.390619, 35.749139],
            [128.390392, 35.749414],
            [128.38988, 35.750325],
            [128.389503, 35.750893],
            [128.389294, 35.751205],
            [128.389091, 35.751517],
            [128.388817, 35.751932],
            [128.388065, 35.753073],
            [128.387883, 35.753352],
            [128.387862, 35.753383],
            [128.387784, 35.753503],
            [128.387734, 35.753579],
            [128.386552, 35.754854],
            [128.386106, 35.755341],
            [128.385708, 35.755794],
            [128.385064, 35.756528],
            [128.384846, 35.75678],
            [128.384807, 35.756824],
            [128.384685, 35.756934],
            [128.384425, 35.757164],
            [128.384159, 35.757398],
            [128.384074, 35.757476],
            [128.383681, 35.757904],
            [128.383428, 35.758265],
            [128.383294, 35.758585],
            [128.38327, 35.758998],
            [128.383279, 35.759045],
            [128.383286, 35.759083],
            [128.383292, 35.75912],
            [128.383374, 35.759569],
            [128.383469, 35.760087],
            [128.383964, 35.76089],
            [128.384386, 35.761611],
            [128.384977, 35.762259],
            [128.385972, 35.763391],
            [128.386415, 35.764206],
            [128.386672, 35.764722],
            [128.386903, 35.76516],
            [128.387089, 35.765519],
            [128.387507, 35.766339],
            [128.387695, 35.766693],
            [128.387967, 35.767146],
            [128.388593, 35.768213],
            [128.389021, 35.768943],
            [128.389271, 35.769356],
            [128.389386, 35.76955],
            [128.389631, 35.769987],
            [128.389964, 35.770442],
            [128.390181, 35.770733],
            [128.390389, 35.771019],
            [128.390592, 35.771289],
            [128.390862, 35.771652],
            [128.391232, 35.772132],
            [128.391576, 35.772583],
            [128.392123, 35.773292],
            [128.392219, 35.773382],
            [128.392581, 35.773722],
            [128.392891, 35.774007],
            [128.393147, 35.774245],
            [128.393524, 35.774584],
            [128.394086, 35.775091],
            [128.394678, 35.775623],
            [128.394985, 35.775894],
            [128.395576, 35.776413],
            [128.395804, 35.77661],
            [128.396343, 35.777134],
            [128.396903, 35.777684],
            [128.397335, 35.778294],
            [128.397585, 35.778646],
            [128.397885, 35.779178],
            [128.398081, 35.779526],
            [128.398296, 35.779914],
            [128.398648, 35.780654],
            [128.39881, 35.780998],
            [128.399106, 35.781853],
            [128.399206, 35.782149],
            [128.399289, 35.782598],
            [128.399387, 35.783204],
            [128.399777, 35.78419],
            [128.400049, 35.784894],
            [128.400309, 35.785549],
            [128.400342, 35.785633],
            [128.40068, 35.786495],
            [128.401496, 35.787997],
            [128.402005, 35.788932],
            [128.402464, 35.789792],
            [128.40263, 35.790038],
            [128.403075, 35.790699],
            [128.404147, 35.792296],
            [128.404678, 35.793094],
            [128.404928, 35.793602],
            [128.405258, 35.79428],
            [128.405807, 35.795409],
            [128.406289, 35.796389],
            [128.406575, 35.796816],
            [128.407045, 35.797514],
            [128.407179, 35.797708],
            [128.407446, 35.798099],
            [128.407573, 35.798284],
            [128.408084, 35.79915],
            [128.408119, 35.799208],
            [128.409918, 35.799314],
            [128.410545, 35.799351],
            [128.410576, 35.799634],
            [128.41058, 35.79967],
            [128.410613, 35.799969],
            [128.410736, 35.80109],
            [128.411111, 35.801474],
            [128.411874, 35.80225],
            [128.412213, 35.802594],
            [128.412245, 35.802627],
            [128.41244, 35.802824],
            [128.412992, 35.802823],
            [128.413636, 35.802821],
            [128.413699, 35.802821],
            [128.415772, 35.802815],
            [128.41578, 35.804687],
            [128.415785, 35.805816],
            [128.415786, 35.806092],
            [128.416149, 35.806091],
            [128.417086, 35.806088],
            [128.41878, 35.806083],
            [128.420292, 35.806079],
            [128.420584, 35.806195],
            [128.420735, 35.806272],
            [128.420766, 35.806284],
            [128.420816, 35.806304],
            [128.420819, 35.807056],
            [128.420829, 35.809109],
            [128.42083, 35.809355],
            [128.421056, 35.809354],
            [128.421318, 35.809353],
            [128.421403, 35.809353],
            [128.423291, 35.809347],
            [128.423566, 35.809347],
            [128.42384, 35.809346],
            [128.425273, 35.809341],
            [128.431897, 35.809322],
            [128.440945, 35.809294],
            [128.440942, 35.80848],
            [128.440942, 35.808429],
            [128.440939, 35.807762],
            [128.440931, 35.806041],
            [128.441029, 35.806017],
            [128.443541, 35.806009],
            [128.445959, 35.806001],
            [128.446656, 35.805999],
            [128.446755, 35.805999],
            [128.447929, 35.805995],
            [128.449691, 35.80599],
            [128.451688, 35.805983],
            [128.452778, 35.80598],
            [128.453257, 35.805978],
            [128.453799, 35.805977],
            [128.45428, 35.805975],
            [128.455001, 35.805973],
            [128.455372, 35.805971],
            [128.455508, 35.805971],
            [128.455874, 35.80597],
            [128.456089, 35.805969],
            [128.456566, 35.805968],
            [128.456908, 35.805967],
            [128.457107, 35.805966],
            [128.457469, 35.805965],
            [128.457613, 35.805985],
            [128.458035, 35.806083],
            [128.458583, 35.806106],
            [128.458971, 35.806138],
            [128.459084, 35.806151],
            [128.459096, 35.806152],
            [128.459218, 35.806167],
            [128.459313, 35.806142],
            [128.45933, 35.806138],
            [128.45945, 35.80615],
            [128.459556, 35.806131],
            [128.459627, 35.806064],
            [128.459706, 35.806079],
            [128.459841, 35.806104],
            [128.459958, 35.806129],
            [128.459975, 35.805985],
            [128.459981, 35.805957],
            [128.460008, 35.805957],
            [128.460001, 35.806003],
            [128.459981, 35.806135],
            [128.460034, 35.80614],
            [128.460195, 35.806216],
            [128.46029, 35.80625],
            [128.460361, 35.806263],
            [128.46041, 35.806273],
            [128.46061, 35.806203],
            [128.461046, 35.806056],
            [128.461367, 35.805952],
            [128.461396, 35.805943],
            [128.461639, 35.805858],
            [128.461674, 35.805851],
            [128.461867, 35.805853],
            [128.462071, 35.805931],
            [128.46211, 35.805934],
            [128.462251, 35.805923],
            [128.46237, 35.805913],
            [128.462478, 35.805921],
            [128.462482, 35.805921],
            [128.462614, 35.805931],
            [128.462705, 35.80594],
            [128.462985, 35.805967],
            [128.463039, 35.80598],
            [128.463361, 35.806059],
            [128.463605, 35.806009],
            [128.463684, 35.805987],
            [128.463685, 35.805986],
            [128.463779, 35.80596],
            [128.463817, 35.805944],
            [128.463956, 35.805944],
            [128.464238, 35.805943],
            [128.464542, 35.805942],
            [128.464961, 35.80594],
            [128.465411, 35.805939],
            [128.466024, 35.805937],
            [128.466468, 35.805935],
            [128.466981, 35.805934],
            [128.467546, 35.805932],
            [128.467902, 35.805931],
            [128.468321, 35.805929],
            [128.468886, 35.805928],
            [128.469253, 35.805926],
            [128.46965, 35.805925],
            [128.469922, 35.805924],
            [128.470101, 35.805923],
            [128.470433, 35.805922],
            [128.470472, 35.805939],
            [128.470527, 35.805967],
            [128.47057, 35.805985],
            [128.470639, 35.806011],
            [128.470776, 35.806042],
            [128.47081, 35.806045],
            [128.470827, 35.806042],
            [128.470835, 35.80604],
            [128.470882, 35.806041],
            [128.470948, 35.806051],
            [128.471009, 35.80606],
            [128.471088, 35.806089],
            [128.471132, 35.806108],
            [128.471217, 35.806161],
            [128.471319, 35.806202],
            [128.471439, 35.80625],
            [128.471487, 35.806262],
            [128.471504, 35.806266],
            [128.471578, 35.806287],
            [128.47167, 35.806319],
            [128.471811, 35.806369],
            [128.471883, 35.806383],
            [128.471979, 35.806419],
            [128.472067, 35.806445],
            [128.472189, 35.806482],
            [128.472275, 35.806532],
            [128.472368, 35.806591],
            [128.472381, 35.8066],
            [128.472387, 35.806601],
            [128.472431, 35.806615],
            [128.47245, 35.806622],
            [128.472515, 35.806654],
            [128.472519, 35.806655],
            [128.472566, 35.806666],
            [128.472602, 35.806696],
            [128.472635, 35.806724],
            [128.472669, 35.806753],
            [128.472769, 35.806782],
            [128.47278, 35.806783],
            [128.472825, 35.806788],
            [128.472872, 35.806798],
            [128.472981, 35.806833],
            [128.473029, 35.806869],
            [128.473034, 35.806874],
            [128.473088, 35.806932],
            [128.473183, 35.806979],
            [128.473307, 35.807035],
            [128.47336, 35.807059],
            [128.473444, 35.807093],
            [128.473489, 35.807124],
            [128.473543, 35.807161],
            [128.473589, 35.807165],
            [128.473683, 35.80714],
            [128.473909, 35.807079],
            [128.473882, 35.807183],
            [128.473545, 35.807739],
            [128.473369, 35.80803],
            [128.473054, 35.808552],
            [128.472889, 35.808823],
            [128.472793, 35.808982],
            [128.472834, 35.809],
            [128.473132, 35.809135],
            [128.473133, 35.809135],
            [128.47326, 35.809193],
            [128.473901, 35.809628],
            [128.47428, 35.809886],
            [128.474524, 35.810052],
            [128.47456, 35.810076],
            [128.474572, 35.810085],
            [128.474853, 35.810276],
            [128.475136, 35.810468],
            [128.475144, 35.810473],
            [128.475489, 35.810708],
            [128.475764, 35.810895],
            [128.476005, 35.811059],
            [128.476052, 35.811091],
            [128.476065, 35.8111],
            [128.476071, 35.811104],
            [128.476269, 35.811239],
            [128.476429, 35.811347],
            [128.476558, 35.811435],
            [128.476589, 35.811456],
            [128.476657, 35.811502],
            [128.476862, 35.811642],
            [128.476891, 35.811662],
            [128.477033, 35.811758],
            [128.477226, 35.811889],
            [128.477273, 35.811921],
            [128.477325, 35.811957],
            [128.477514, 35.812085],
            [128.477521, 35.81209],
            [128.47774, 35.812239],
            [128.477819, 35.812292],
            [128.477898, 35.812346],
            [128.478056, 35.812505],
            [128.478103, 35.812553],
            [128.478191, 35.812641],
            [128.478386, 35.812838],
            [128.478808, 35.813263],
            [128.479339, 35.813798],
            [128.479457, 35.813916],
            [128.479837, 35.8143],
            [128.480064, 35.814528],
            [128.480067, 35.814531],
            [128.48015, 35.814615],
            [128.48026, 35.814726],
            [128.480598, 35.815066],
            [128.480682, 35.815151],
            [128.480956, 35.815427],
            [128.480959, 35.81543],
            [128.480999, 35.815471],
            [128.481537, 35.816012],
            [128.482699, 35.815524],
            [128.482716, 35.815517],
            [128.482828, 35.816693],
            [128.482862, 35.817057],
            [128.482863, 35.817064],
            [128.48289, 35.81735],
            [128.482907, 35.817528],
            [128.482919, 35.817654],
            [128.48293, 35.817771],
            [128.48293, 35.817773],
            [128.482952, 35.818006],
            [128.482991, 35.818916],
            [128.483001, 35.819151],
            [128.483013, 35.819436],
            [128.483019, 35.819572],
            [128.483026, 35.819728],
            [128.48304, 35.820068],
            [128.483059, 35.820505],
            [128.483069, 35.821139],
            [128.483048, 35.821511],
            [128.483043, 35.821604],
            [128.48303, 35.821844],
            [128.482997, 35.822422],
            [128.482965, 35.823005],
            [128.48287, 35.823708],
            [128.482783, 35.824347],
            [128.482557, 35.825505],
            [128.482459, 35.826003],
            [128.482022, 35.827087],
            [128.48197, 35.827218],
            [128.481459, 35.828751],
            [128.48124, 35.829963],
            [128.481225, 35.830044],
            [128.481217, 35.830086],
            [128.481083, 35.830133],
            [128.476731, 35.831647],
            [128.476401, 35.831762],
            [128.475283, 35.832151],
            [128.474379, 35.832466],
            [128.474155, 35.832543],
            [128.473805, 35.832773],
            [128.473188, 35.833179],
            [128.47306, 35.833264],
            [128.472784, 35.833449],
            [128.472546, 35.833608],
            [128.471043, 35.835504],
            [128.470673, 35.83597],
            [128.470446, 35.836256],
            [128.469541, 35.837398],
            [128.46906, 35.838004],
            [128.468695, 35.838464],
            [128.468919, 35.839346],
            [128.468951, 35.839469],
            [128.468954, 35.83948],
            [128.468992, 35.839631],
            [128.468881, 35.839595],
            [128.468747, 35.839552],
            [128.467866, 35.839626],
            [128.466604, 35.839732],
            [128.465699, 35.840004],
            [128.463419, 35.840687],
            [128.461735, 35.841192],
            [128.460356, 35.841605],
            [128.459438, 35.842082],
            [128.458853, 35.842386],
            [128.45799, 35.842834],
            [128.455433, 35.844162],
            [128.455247, 35.844247],
            [128.45479, 35.844457],
            [128.454386, 35.844643],
            [128.450002, 35.846657],
            [128.449181, 35.846853],
            [128.446897, 35.8474],
            [128.44472, 35.847921],
            [128.442706, 35.848019],
            [128.440834, 35.848111],
            [128.43862, 35.848217],
            [128.436182, 35.848334],
            [128.434677, 35.84872],
            [128.434257, 35.848828],
            [128.434121, 35.848863],
            [128.433448, 35.849036],
            [128.431408, 35.849559],
            [128.430766, 35.849724],
            [128.430466, 35.849745],
            [128.427974, 35.849924],
            [128.427807, 35.849936],
            [128.426417, 35.850035],
            [128.425821, 35.850078],
            [128.423748, 35.850226],
            [128.423011, 35.850279],
            [128.422987, 35.850281],
            [128.422965, 35.850282],
            [128.422725, 35.850299],
            [128.422597, 35.850308],
            [128.419178, 35.850553],
            [128.41856, 35.850786],
            [128.418497, 35.85081],
            [128.418369, 35.850858],
            [128.417169, 35.85131],
            [128.416884, 35.851417],
            [128.416779, 35.851457],
            [128.415982, 35.851757],
            [128.415017, 35.85178],
            [128.414445, 35.851796],
            [128.414027, 35.851807],
            [128.412281, 35.851853],
            [128.410956, 35.851888],
            [128.409137, 35.851897],
            [128.407206, 35.851907],
            [128.406573, 35.85191],
            [128.405234, 35.851917],
            [128.403203, 35.851924],
            [128.402376, 35.851927],
            [128.400889, 35.851927],
            [128.400851, 35.851928],
            [128.4006, 35.851935],
            [128.400563, 35.851936],
            [128.400148, 35.85195],
            [128.399599, 35.851941],
            [128.398311, 35.851972],
            [128.396685, 35.85201],
            [128.394565, 35.85206],
            [128.390787, 35.852024],
            [128.389534, 35.852011],
            [128.389116, 35.852096],
            [128.387592, 35.852406],
            [128.387218, 35.851897],
            [128.386686, 35.851432],
            [128.386542, 35.851305],
            [128.386357, 35.851504],
            [128.386236, 35.851655],
            [128.385504, 35.852298],
            [128.38463, 35.852627],
            [128.384278, 35.852689],
            [128.384051, 35.852729],
            [128.38351, 35.852835],
            [128.383467, 35.853478],
            [128.383465, 35.853587],
            [128.383461, 35.853788],
            [128.383459, 35.853847],
            [128.383446, 35.854144],
            [128.383451, 35.854328],
            [128.383452, 35.854453],
            [128.383465, 35.854717],
            [128.383466, 35.854789],
            [128.383478, 35.855063],
            [128.383499, 35.855344],
            [128.38351, 35.855563],
            [128.383513, 35.855684],
            [128.383562, 35.855889],
            [128.38359, 35.856023],
            [128.383683, 35.856461],
            [128.383707, 35.856586],
            [128.383611, 35.8571],
            [128.383591, 35.85719],
            [128.383467, 35.857552],
            [128.383439, 35.857765],
            [128.383459, 35.858392],
            [128.383542, 35.858739],
            [128.383542, 35.859141],
            [128.383539, 35.85928],
            [128.383533, 35.859389],
            [128.383515, 35.859802],
            [128.383515, 35.859904],
            [128.383496, 35.86019],
            [128.383493, 35.860301],
            [128.383489, 35.860526],
            [128.383476, 35.860905],
            [128.383495, 35.861144],
            [128.383517, 35.861345],
            [128.383551, 35.861759],
            [128.383577, 35.862183],
            [128.383581, 35.862333],
            [128.383595, 35.862555],
            [128.383653, 35.862771],
            [128.383708, 35.863001],
            [128.383809, 35.863402],
            [128.383867, 35.863615],
            [128.383902, 35.863797],
            [128.383924, 35.863917],
            [128.383995, 35.864266],
            [128.384034, 35.864427],
            [128.384086, 35.864666],
            [128.384098, 35.864737],
            [128.384122, 35.864902],
            [128.384136, 35.865023],
            [128.384158, 35.86521],
            [128.384209, 35.865656],
            [128.384281, 35.865797],
            [128.384588, 35.866461],
            [128.384919, 35.867168],
            [128.384979, 35.867275],
            [128.385109, 35.867408],
            [128.385348, 35.867991],
            [128.385746, 35.868574],
            [128.386103, 35.868912],
            [128.386416, 35.869215],
            [128.386523, 35.86931],
            [128.386625, 35.869413],
            [128.386693, 35.869492],
            [128.38683, 35.869651],
            [128.386883, 35.869709],
            [128.387009, 35.869846],
            [128.38717, 35.870033],
            [128.387243, 35.87013],
            [128.387383, 35.870331],
            [128.387529, 35.870552],
            [128.387632, 35.870675],
            [128.38779, 35.870881],
            [128.387911, 35.871028],
            [128.388273, 35.871482],
            [128.38845, 35.87176],
            [128.388661, 35.872227],
            [128.388765, 35.872457],
            [128.388859, 35.872654],
            [128.389083, 35.873336],
            [128.389403, 35.874173],
            [128.389562, 35.874641],
            [128.389559, 35.874826],
            [128.389561, 35.874954],
            [128.389562, 35.875007],
            [128.389574, 35.87519],
            [128.389568, 35.875317],
            [128.389567, 35.8755],
            [128.389575, 35.875626],
            [128.389705, 35.876363],
            [128.389777, 35.876608],
            [128.389856, 35.87689],
            [128.390101, 35.877573],
            [128.390134, 35.877688],
            [128.390236, 35.877994],
            [128.390314, 35.87825],
            [128.390448, 35.878505],
            [128.390533, 35.878675],
            [128.390552, 35.878719],
            [128.390574, 35.878763],
            [128.39066, 35.878944],
            [128.390777, 35.879158],
            [128.39083, 35.879268],
            [128.390888, 35.879379],
            [128.390914, 35.879436],
            [128.391015, 35.879635],
            [128.391148, 35.879854],
            [128.391269, 35.880078],
            [128.391401, 35.880305],
            [128.39155, 35.880571],
            [128.391677, 35.880722],
            [128.391743, 35.880802],
            [128.391745, 35.880804],
            [128.391935, 35.881024],
            [128.392026, 35.881139],
            [128.392243, 35.881398],
            [128.392645, 35.881866],
            [128.392697, 35.882028],
            [128.392719, 35.882104],
            [128.39276, 35.88224],
            [128.392959, 35.882857],
            [128.393065, 35.883204],
            [128.393214, 35.883688],
            [128.393294, 35.883895],
            [128.393479, 35.884357],
            [128.393588, 35.884646],
            [128.393621, 35.884724],
            [128.393631, 35.88476],
            [128.393746, 35.885046],
            [128.393765, 35.885095],
            [128.39381, 35.88521],
            [128.393866, 35.885351],
            [128.393885, 35.885393],
            [128.393922, 35.885478],
            [128.39413, 35.885787],
            [128.394247, 35.886018],
            [128.394326, 35.886168],
            [128.394403, 35.88643],
            [128.394471, 35.886622],
            [128.394564, 35.886908],
            [128.394692, 35.887256],
            [128.394763, 35.887369],
            [128.394941, 35.887655],
            [128.395045, 35.887833],
            [128.395102, 35.887924],
            [128.395171, 35.888024],
            [128.39528, 35.888297],
            [128.395349, 35.888452],
            [128.395459, 35.88873],
            [128.395631, 35.889091],
            [128.395997, 35.889862],
            [128.396392, 35.890482],
            [128.396415, 35.890517],
            [128.396783, 35.89098],
            [128.397006, 35.891209],
            [128.397193, 35.891415],
            [128.397559, 35.891823],
            [128.397733, 35.892121],
            [128.398067, 35.892709],
            [128.398266, 35.893446],
            [128.398465, 35.894131],
            [128.398629, 35.894549],
            [128.398704, 35.894751],
            [128.398773, 35.894951],
            [128.398798, 35.895025],
            [128.398916, 35.895378],
            [128.398968, 35.895562],
            [128.399075, 35.896075],
            [128.399135, 35.896319],
            [128.399101, 35.896753],
            [128.399096, 35.896818],
            [128.399006, 35.897679],
            [128.398973, 35.898397],
            [128.398982, 35.898881],
            [128.398985, 35.899083],
            [128.398977, 35.899927],
            [128.399046, 35.899936],
            [128.399393, 35.899985],
            [128.399644, 35.900026],
            [128.40012, 35.900104],
            [128.400283, 35.900127],
            [128.40031, 35.900132],
            [128.40057, 35.900176],
            [128.400976, 35.900239],
            [128.401069, 35.900258],
            [128.401205, 35.900277],
            [128.401498, 35.900325],
            [128.401588, 35.900336],
            [128.401849, 35.90038],
            [128.40219, 35.900432],
            [128.402474, 35.900477],
            [128.404148, 35.900518],
            [128.406772, 35.901423],
            [128.406614, 35.901155],
            [128.406377, 35.90074],
            [128.407129, 35.900725],
            [128.407307, 35.901153],
            [128.407496, 35.901372],
            [128.407767, 35.901877],
            [128.407904, 35.902071],
            [128.408391, 35.902948],
            [128.408603, 35.903016],
            [128.408816, 35.903084],
            [128.408927, 35.903178],
            [128.408962, 35.90378],
            [128.409256, 35.904406],
            [128.40951, 35.905062],
            [128.409586, 35.905401],
            [128.409681, 35.905651],
            [128.409695, 35.905689],
            [128.409929, 35.905893],
            [128.410051, 35.906348],
            [128.410166, 35.906546],
            [128.41023, 35.906593],
            [128.41038, 35.906702],
            [128.410429, 35.906739],
            [128.410439, 35.906746],
            [128.410473, 35.906771],
            [128.410491, 35.906776],
            [128.410521, 35.906785],
            [128.410528, 35.906787],
            [128.410539, 35.90679],
            [128.41057, 35.906799],
            [128.410664, 35.906875],
            [128.410919, 35.907081],
            [128.410984, 35.907343],
            [128.410997, 35.907396],
            [128.411198, 35.90778],
            [128.411286, 35.907839],
            [128.411608, 35.908055],
            [128.411649, 35.90816],
            [128.41179, 35.908522],
            [128.412121, 35.908801],
            [128.412486, 35.908845],
            [128.412981, 35.909158],
            [128.413005, 35.909173],
            [128.41314, 35.909606],
            [128.413195, 35.909724],
            [128.413611, 35.910229],
            [128.413619, 35.910321],
            [128.413663, 35.910808],
            [128.413829, 35.911248],
            [128.413873, 35.911269],
            [128.414025, 35.91134],
            [128.414295, 35.911548],
            [128.414472, 35.91176],
            [128.414512, 35.911827],
            [128.414824, 35.912354],
            [128.415213, 35.91238],
            [128.415458, 35.912397],
            [128.415563, 35.912437],
            [128.415658, 35.912524],
            [128.415758, 35.912616],
            [128.415943, 35.912601],
            [128.416221, 35.91258],
            [128.416374, 35.912639],
            [128.416474, 35.912677],
            [128.416726, 35.913201],
            [128.416638, 35.913388],
            [128.416489, 35.913705],
            [128.416492, 35.914154],
            [128.416623, 35.914567],
            [128.416805, 35.914846],
            [128.417006, 35.915207],
            [128.41711, 35.915419],
            [128.417281, 35.915695],
            [128.417542, 35.9161],
            [128.417858, 35.916283],
            [128.418123, 35.916437],
            [128.418295, 35.916632],
            [128.418297, 35.916662],
            [128.418334, 35.917066],
            [128.418343, 35.917165],
            [128.418224, 35.917394],
            [128.418012, 35.9178],
            [128.418, 35.917979],
            [128.417984, 35.91822],
            [128.417982, 35.918245],
            [128.418007, 35.918786],
            [128.417979, 35.918961],
            [128.417949, 35.91915],
            [128.418124, 35.919339],
            [128.418133, 35.919423],
            [128.41822, 35.92021],
            [128.418223, 35.920237],
            [128.418223, 35.920239],
            [128.418141, 35.920589],
            [128.418062, 35.92109],
            [128.41811, 35.921221],
            [128.418111, 35.921227],
            [128.418105, 35.921248],
            [128.418093, 35.921292],
            [128.418294, 35.921309],
            [128.418539, 35.92133],
            [128.418837, 35.921425],
            [128.418907, 35.921458],
            [128.420268, 35.922104],
            [128.420327, 35.922097],
            [128.420585, 35.922063],
            [128.420712, 35.922043],
            [128.421389, 35.921936],
            [128.421398, 35.921934],
            [128.421404, 35.921938],
            [128.421714, 35.922156],
            [128.422189, 35.922489],
            [128.422689, 35.922627],
            [128.423126, 35.922862],
            [128.423467, 35.922793],
            [128.423782, 35.923115],
            [128.42396, 35.923699],
            [128.423993, 35.924022],
            [128.424, 35.924094],
            [128.424559, 35.924651],
            [128.424689, 35.924977],
            [128.424726, 35.925068],
            [128.424677, 35.925156],
            [128.424516, 35.925447],
            [128.424454, 35.925871],
            [128.424363, 35.926487],
            [128.42436, 35.926505],
            [128.424376, 35.926527],
            [128.424541, 35.926751],
            [128.424667, 35.926921],
            [128.424745, 35.92729],
            [128.424798, 35.927543],
            [128.424823, 35.927662],
            [128.424901, 35.928041],
            [128.42496, 35.928012],
            [128.426278, 35.927347],
            [128.426281, 35.927345],
            [128.426299, 35.92733],
            [128.426373, 35.927306],
            [128.426388, 35.927301],
            [128.426402, 35.927294],
            [128.4265, 35.927241],
            [128.426632, 35.927214],
            [128.426722, 35.927244],
            [128.426766, 35.927287],
            [128.426804, 35.927286],
            [128.426839, 35.927288],
            [128.426953, 35.927296],
            [128.427084, 35.927346],
            [128.427293, 35.927326],
            [128.427435, 35.927325],
            [128.427544, 35.927334],
            [128.427604, 35.927395],
            [128.427613, 35.927479],
            [128.42771, 35.927578],
            [128.42772, 35.927622],
            [128.427723, 35.927658],
            [128.427724, 35.927664],
            [128.427647, 35.927816],
            [128.427567, 35.92791],
            [128.427565, 35.927912],
            [128.42749, 35.927981],
            [128.427479, 35.92799],
            [128.427451, 35.928012],
            [128.427457, 35.928026],
            [128.427516, 35.928155],
            [128.427552, 35.928216],
            [128.42762, 35.928328],
            [128.427869, 35.928518],
            [128.427915, 35.928603],
            [128.427858, 35.928709],
            [128.427817, 35.928812],
            [128.4278, 35.928853],
            [128.427837, 35.928873],
            [128.427874, 35.928892],
            [128.427972, 35.928918],
            [128.428021, 35.92893],
            [128.428055, 35.928953],
            [128.428118, 35.928997],
            [128.428211, 35.929086],
            [128.428229, 35.929135],
            [128.428268, 35.929144],
            [128.428406, 35.929217],
            [128.428516, 35.929277],
            [128.428599, 35.929362],
            [128.428628, 35.929407],
            [128.428771, 35.929436],
            [128.428946, 35.929453],
            [128.42913, 35.92952],
            [128.429204, 35.929531],
            [128.429326, 35.929561],
            [128.429423, 35.929583],
            [128.429549, 35.929656],
            [128.429621, 35.929745],
            [128.42969, 35.929817],
            [128.429782, 35.929915],
            [128.429866, 35.929972],
            [128.429951, 35.930018],
            [128.430356, 35.930221],
            [128.430425, 35.930249],
            [128.430492, 35.930314],
            [128.430579, 35.930379],
            [128.430687, 35.930423],
            [128.430965, 35.930505],
            [128.431036, 35.930526],
            [128.431027, 35.930541],
            [128.430998, 35.930592],
            [128.430971, 35.930681],
            [128.431093, 35.930772],
            [128.431186, 35.930922],
            [128.43131, 35.931023],
            [128.431385, 35.931125],
            [128.431438, 35.931178],
            [128.431444, 35.931191],
            [128.431412, 35.931231],
            [128.431532, 35.931289],
            [128.431729, 35.931343],
            [128.431815, 35.931386],
            [128.431853, 35.93141],
            [128.43188, 35.931439],
            [128.431895, 35.931453],
            [128.431951, 35.931504],
            [128.431996, 35.931512],
            [128.432039, 35.931519],
            [128.432063, 35.931523],
            [128.432191, 35.931503],
            [128.432267, 35.931473],
            [128.432349, 35.931401],
            [128.432437, 35.931355],
            [128.432544, 35.931316],
            [128.432683, 35.93132],
            [128.432793, 35.931276],
            [128.432828, 35.931216],
            [128.432832, 35.93113],
            [128.432875, 35.931077],
            [128.432928, 35.931004],
            [128.432983, 35.930996],
            [128.433008, 35.930992],
            [128.433025, 35.930996],
            [128.433106, 35.931015],
            [128.433123, 35.931019],
            [128.433232, 35.93106],
            [128.433397, 35.931088],
            [128.433522, 35.931099],
            [128.433552, 35.93108],
            [128.433664, 35.931103],
            [128.43379, 35.931132],
            [128.433855, 35.931166],
            [128.433977, 35.931191],
            [128.433983, 35.931189],
            [128.434071, 35.931151],
            [128.43418, 35.931114],
            [128.434381, 35.931139],
            [128.4345, 35.931199],
            [128.434609, 35.931242],
            [128.434705, 35.93128],
            [128.434911, 35.931312],
            [128.435083, 35.931307],
            [128.435118, 35.931309],
            [128.435173, 35.931312],
            [128.435185, 35.931319],
            [128.435262, 35.931365],
            [128.435269, 35.931369],
            [128.435413, 35.931409],
            [128.435457, 35.931401],
            [128.435484, 35.931404],
            [128.435484, 35.93139],
            [128.435613, 35.931394],
            [128.435648, 35.931395],
            [128.435734, 35.931397],
            [128.435766, 35.93141],
            [128.435788, 35.931419],
            [128.435865, 35.931465],
            [128.435982, 35.931635],
            [128.436024, 35.931671],
            [128.43606, 35.931671],
            [128.43609, 35.931667],
            [128.436286, 35.931631],
            [128.436424, 35.931626],
            [128.43652, 35.931657],
            [128.436721, 35.931708],
            [128.437051, 35.93178],
            [128.437153, 35.931819],
            [128.437186, 35.931846],
            [128.437528, 35.931808],
            [128.437747, 35.931711],
            [128.437869, 35.931659],
            [128.438113, 35.931611],
            [128.438234, 35.931583],
            [128.438278, 35.931568],
            [128.438333, 35.931539],
            [128.438372, 35.931535],
            [128.438405, 35.931535],
            [128.438745, 35.931519],
            [128.438771, 35.931553],
            [128.438908, 35.93166],
            [128.438994, 35.931733],
            [128.439157, 35.931849],
            [128.43926, 35.931914],
            [128.439352, 35.931971],
            [128.439517, 35.93209],
            [128.43961, 35.93214],
            [128.439823, 35.932276],
            [128.439875, 35.932329],
            [128.439964, 35.932426],
            [128.439986, 35.932451],
            [128.440036, 35.932531],
            [128.44013, 35.932531],
            [128.440269, 35.932877],
            [128.440373, 35.933134],
            [128.440395, 35.933189],
            [128.440396, 35.933191],
            [128.440412, 35.933232],
            [128.440425, 35.933264],
            [128.44047, 35.933376],
            [128.440398, 35.933402],
            [128.440397, 35.933402],
            [128.440395, 35.933403],
            [128.440394, 35.933404],
            [128.440393, 35.933406],
            [128.440392, 35.933407],
            [128.440392, 35.933413],
            [128.440456, 35.933539],
            [128.44046, 35.933543],
            [128.440462, 35.933544],
            [128.44047, 35.933544],
            [128.440529, 35.933523],
            [128.44064, 35.933799],
            [128.440724, 35.934009],
            [128.441108, 35.934944],
            [128.441206, 35.935001],
            [128.441561, 35.935207],
            [128.44238, 35.935283],
            [128.442804, 35.934828],
            [128.443972, 35.934782],
            [128.444338, 35.934847],
            [128.445083, 35.935151],
            [128.445299, 35.935263],
            [128.445436, 35.935334],
            [128.446147, 35.935145],
            [128.44771, 35.934965],
            [128.447725, 35.934963],
            [128.448351, 35.934791],
            [128.449244, 35.934872],
            [128.45025, 35.935041],
            [128.450338, 35.935042],
            [128.450732, 35.935296],
            [128.451458, 35.935765],
            [128.452092, 35.936174],
            [128.452777, 35.936617],
            [128.452803, 35.937401],
            [128.45289, 35.937561],
            [128.453127, 35.937993],
            [128.453547, 35.938564],
            [128.45379, 35.938894],
            [128.453611, 35.939559],
            [128.453475, 35.940065],
            [128.453481, 35.940106],
            [128.453662, 35.940988],
            [128.453701, 35.941297],
            [128.453881, 35.941716],
            [128.453864, 35.941967],
            [128.453839, 35.942338],
            [128.454052, 35.942554],
            [128.45414, 35.94306],
            [128.454155, 35.943149],
            [128.454511, 35.94302],
            [128.454825, 35.942879],
            [128.454828, 35.942878],
            [128.454831, 35.942878],
            [128.455414, 35.942831],
            [128.456073, 35.942165],
            [128.456714, 35.941927],
            [128.456762, 35.941907],
            [128.457089, 35.941771],
            [128.457798, 35.94157],
            [128.457844, 35.941531],
            [128.458205, 35.941223],
            [128.458757, 35.94129],
            [128.459108, 35.941352],
            [128.459866, 35.941449],
            [128.460784, 35.940959],
            [128.461137, 35.940698],
            [128.461188, 35.940661],
            [128.461507, 35.940426],
            [128.461753, 35.940245],
            [128.461769, 35.940233],
            [128.461797, 35.940225],
            [128.461862, 35.9402],
            [128.461903, 35.940109],
            [128.46194, 35.940037],
            [128.461978, 35.93998],
            [128.46202, 35.939956],
            [128.46207, 35.939954],
            [128.462217, 35.939965],
            [128.462279, 35.939944],
            [128.46233, 35.939933],
            [128.46235, 35.939938],
            [128.462411, 35.939902],
            [128.462458, 35.939863],
            [128.462508, 35.939826],
            [128.46253, 35.939806],
            [128.462553, 35.939785],
            [128.462584, 35.939759],
            [128.462637, 35.939728],
            [128.462681, 35.939676],
            [128.462723, 35.939585],
            [128.462727, 35.939526],
            [128.462694, 35.939406],
            [128.462689, 35.939297],
            [128.46271, 35.939227],
            [128.462771, 35.939139],
            [128.462826, 35.939048],
            [128.462867, 35.939002],
            [128.462852, 35.938946],
            [128.462842, 35.938883],
            [128.462805, 35.938856],
            [128.462794, 35.938848],
            [128.462767, 35.938829],
            [128.462894, 35.938689],
            [128.462987, 35.938589],
            [128.463019, 35.938554],
            [128.463035, 35.938537],
            [128.463038, 35.938543],
            [128.463041, 35.938546],
            [128.463107, 35.938599],
            [128.463138, 35.938609],
            [128.4632, 35.938643],
            [128.463312, 35.938664],
            [128.463379, 35.938687],
            [128.463432, 35.938693],
            [128.463644, 35.938715],
            [128.463921, 35.938727],
            [128.464127, 35.938749],
            [128.464393, 35.938732],
            [128.464455, 35.938716],
            [128.464709, 35.938737],
            [128.464765, 35.938742],
            [128.464877, 35.938758],
            [128.464991, 35.938765],
            [128.465158, 35.938774],
            [128.465303, 35.938757],
            [128.46535, 35.938777],
            [128.465384, 35.938792],
            [128.465464, 35.938717],
            [128.465515, 35.938677],
            [128.465627, 35.938615],
            [128.465684, 35.938589],
            [128.465715, 35.938575],
            [128.465776, 35.938488],
            [128.465853, 35.93842],
            [128.465937, 35.938335],
            [128.466009, 35.938257],
            [128.466078, 35.9382],
            [128.466167, 35.938137],
            [128.466252, 35.938085],
            [128.466349, 35.937964],
            [128.466496, 35.938025],
            [128.466714, 35.93813],
            [128.466779, 35.93816],
            [128.466952, 35.938231],
            [128.467034, 35.938253],
            [128.467081, 35.938266],
            [128.467218, 35.938306],
            [128.467319, 35.93834],
            [128.467356, 35.938342],
            [128.467416, 35.938345],
            [128.467524, 35.938405],
            [128.467557, 35.938433],
            [128.467593, 35.938456],
            [128.467722, 35.938482],
            [128.467852, 35.938516],
            [128.467892, 35.938523],
            [128.467912, 35.938527],
            [128.467932, 35.938528],
            [128.467964, 35.938514],
            [128.46797, 35.938512],
            [128.467989, 35.938507],
            [128.468036, 35.938497],
            [128.468043, 35.938492],
            [128.468071, 35.93847],
            [128.468081, 35.938463],
            [128.46811, 35.938445],
            [128.468142, 35.938424],
            [128.468205, 35.938404],
            [128.468252, 35.938409],
            [128.468305, 35.938427],
            [128.468392, 35.938446],
            [128.468449, 35.938458],
            [128.468514, 35.938473],
            [128.468593, 35.938516],
            [128.468744, 35.938587],
            [128.468807, 35.938607],
            [128.468854, 35.938616],
            [128.468929, 35.938641],
            [128.468999, 35.938677],
            [128.469031, 35.938689],
            [128.469039, 35.938693],
            [128.469063, 35.938695],
            [128.46914, 35.938694],
            [128.469198, 35.9387],
            [128.469243, 35.938709],
            [128.469289, 35.938718],
            [128.469312, 35.938709],
            [128.469319, 35.938694],
            [128.469332, 35.938682],
            [128.469374, 35.938642],
            [128.469408, 35.938608],
            [128.469429, 35.938576],
            [128.46947, 35.938575],
            [128.469536, 35.938603],
            [128.469591, 35.938617],
            [128.469631, 35.938614],
            [128.46965, 35.938589],
            [128.469643, 35.938559],
            [128.469709, 35.938452],
            [128.469743, 35.938423],
            [128.46977, 35.938396],
            [128.469776, 35.938384],
            [128.469799, 35.938343],
            [128.469837, 35.938305],
            [128.469854, 35.938258],
            [128.46984, 35.938216],
            [128.469832, 35.938159],
            [128.469824, 35.938119],
            [128.46982, 35.938087],
            [128.469831, 35.938087],
            [128.469862, 35.938097],
            [128.469907, 35.938101],
            [128.469954, 35.93809],
            [128.469989, 35.938066],
            [128.470025, 35.938051],
            [128.470112, 35.938039],
            [128.470135, 35.938038],
            [128.470227, 35.938039],
            [128.470271, 35.938032],
            [128.470308, 35.938017],
            [128.470327, 35.938004],
            [128.470392, 35.937981],
            [128.470462, 35.937979],
            [128.470509, 35.937982],
            [128.470532, 35.937992],
            [128.47061, 35.937956],
            [128.470663, 35.937919],
            [128.47072, 35.937866],
            [128.470997, 35.937852],
            [128.471662, 35.937445],
            [128.472445, 35.937369],
            [128.472761, 35.936668],
            [128.473362, 35.936628],
            [128.473485, 35.936627],
            [128.473853, 35.936641],
            [128.474174, 35.936559],
            [128.474323, 35.936515],
            [128.474515, 35.936368],
            [128.474697, 35.936272],
            [128.475128, 35.936043],
            [128.475309, 35.935947],
            [128.475495, 35.935781],
            [128.475738, 35.935564],
            [128.475839, 35.935474],
            [128.476419, 35.934439],
            [128.476459, 35.934081],
            [128.476403, 35.933865],
            [128.476319, 35.933513],
            [128.476564, 35.932972],
            [128.476643, 35.932051],
            [128.476556, 35.931961],
            [128.476181, 35.931575],
            [128.476174, 35.931505],
            [128.476159, 35.931345],
            [128.476159, 35.931339],
            [128.47615, 35.931247],
            [128.476117, 35.930905],
            [128.476072, 35.930378],
            [128.476066, 35.930309],
            [128.47606, 35.930235],
            [128.476071, 35.93022],
            [128.476297, 35.929907],
            [128.47627, 35.92975],
            [128.476197, 35.929331],
            [128.476104, 35.928857],
            [128.476063, 35.928645],
            [128.476173, 35.928213],
            [128.475659, 35.927082],
            [128.475356, 35.926417],
            [128.475185, 35.926266],
            [128.474946, 35.926057],
            [128.474828, 35.925953],
            [128.474706, 35.925851],
            [128.474526, 35.9257],
            [128.474411, 35.925083],
            [128.474227, 35.924774],
            [128.473989, 35.924392],
            [128.473636, 35.924216],
            [128.473612, 35.923887],
            [128.473486, 35.923639],
            [128.473455, 35.923579],
            [128.473264, 35.923214],
            [128.473268, 35.923116],
            [128.473284, 35.922613],
            [128.473288, 35.922502],
            [128.473308, 35.921833],
            [128.473177, 35.921445],
            [128.473194, 35.921423],
            [128.473365, 35.921204],
            [128.473484, 35.920813],
            [128.473763, 35.919924],
            [128.473626, 35.919314],
            [128.473535, 35.918907],
            [128.473521, 35.918844],
            [128.473505, 35.918289],
            [128.473497, 35.917997],
            [128.47397, 35.917417],
            [128.473925, 35.917294],
            [128.473768, 35.916863],
            [128.473642, 35.916519],
            [128.473156, 35.915438],
            [128.472907, 35.914881],
            [128.472843, 35.914739],
            [128.472755, 35.914436],
            [128.472592, 35.914268],
            [128.472104, 35.913769],
            [128.471375, 35.913241],
            [128.470946, 35.9127],
            [128.470113, 35.912106],
            [128.469416, 35.911911],
            [128.46931, 35.911749],
            [128.468721, 35.910845],
            [128.46789, 35.910691],
            [128.467329, 35.91047],
            [128.466623, 35.910193],
            [128.465961, 35.909506],
            [128.465426, 35.908635],
            [128.465399, 35.90859],
            [128.465856, 35.907904],
            [128.466737, 35.907106],
            [128.467305, 35.906463],
            [128.46734, 35.906423],
            [128.46735, 35.906382],
            [128.467602, 35.905294],
            [128.467573, 35.905198],
            [128.467363, 35.90449],
            [128.467161, 35.903814],
            [128.467555, 35.903029],
            [128.4676, 35.901608],
            [128.46791, 35.900663],
            [128.467755, 35.900218],
            [128.467909, 35.900034],
            [128.468379, 35.899471],
            [128.468763, 35.899226],
            [128.468906, 35.899136],
            [128.46899, 35.899083],
            [128.469098, 35.899014],
            [128.469713, 35.898107],
            [128.470612, 35.897915],
            [128.470774, 35.89788],
            [128.471489, 35.897091],
            [128.472015, 35.89651],
            [128.472714, 35.896002],
            [128.473294, 35.895498],
            [128.474047, 35.895148],
            [128.474597, 35.894802],
            [128.47489, 35.894652],
            [128.47527, 35.894458],
            [128.475684, 35.894683],
            [128.476266, 35.895169],
            [128.476763, 35.895365],
            [128.477411, 35.896063],
            [128.478255, 35.896528],
            [128.478477, 35.896824],
            [128.478852, 35.89671],
            [128.479165, 35.896615],
            [128.479951, 35.896273],
            [128.481608, 35.895527],
            [128.482591, 35.895205],
            [128.48326, 35.895367],
            [128.483654, 35.894793],
            [128.483834, 35.894674],
            [128.483943, 35.89452],
            [128.484344, 35.894171],
            [128.48462, 35.89393],
            [128.484489, 35.894342],
            [128.484845, 35.895155],
            [128.484883, 35.895519],
            [128.485124, 35.895867],
            [128.48542, 35.895957],
            [128.48509, 35.896355],
            [128.484945, 35.896529],
            [128.485706, 35.896547],
            [128.48575, 35.896529],
            [128.485918, 35.896462],
            [128.486055, 35.896453],
            [128.486344, 35.896435],
            [128.486579, 35.896406],
            [128.487267, 35.89684],
            [128.487336, 35.897012],
            [128.487513, 35.89718],
            [128.48745, 35.897239],
            [128.487561, 35.897335],
            [128.487734, 35.897472],
            [128.487855, 35.897551],
            [128.48798, 35.897616],
            [128.488461, 35.897762],
            [128.488605, 35.897789],
            [128.488931, 35.89785],
            [128.489037, 35.897797],
            [128.489147, 35.897708],
            [128.489409, 35.89761],
            [128.489474, 35.897569],
            [128.489703, 35.897663],
            [128.489907, 35.897732],
            [128.490178, 35.897613],
            [128.490446, 35.897592],
            [128.490617, 35.897579],
            [128.490704, 35.897442],
            [128.490898, 35.897138],
            [128.491532, 35.8967],
            [128.492006, 35.89633],
            [128.492545, 35.896147],
            [128.492725, 35.895605],
            [128.49252, 35.895133],
            [128.492503, 35.895095],
            [128.492892, 35.894457],
            [128.493033, 35.894216],
            [128.493165, 35.893892],
            [128.493233, 35.893727],
            [128.493524, 35.89332],
            [128.494163, 35.892421],
            [128.494185, 35.892374],
            [128.494418, 35.891882],
            [128.494546, 35.891506],
            [128.49458, 35.891375],
            [128.494593, 35.891319],
            [128.494722, 35.890789],
            [128.49597, 35.88995],
            [128.496357, 35.889228],
            [128.496682, 35.889313],
            [128.498967, 35.889915],
            [128.499205, 35.889709],
            [128.4993, 35.889637],
            [128.499259, 35.889749],
            [128.499137, 35.889949],
            [128.499364, 35.889877],
            [128.499597, 35.889571],
            [128.499619, 35.889499],
            [128.499651, 35.889382],
            [128.499731, 35.889235],
            [128.499875, 35.888966],
            [128.500129, 35.888434],
            [128.50016, 35.888298],
            [128.500245, 35.887934],
            [128.500273, 35.887812],
            [128.500276, 35.887574],
            [128.500277, 35.887529],
            [128.500282, 35.88708],
            [128.500316, 35.886687],
            [128.500336, 35.886448],
            [128.5004, 35.886465],
            [128.500886, 35.886598],
            [128.501053, 35.886644],
            [128.501362, 35.886729],
            [128.501494, 35.886766],
            [128.501714, 35.886853],
            [128.501921, 35.886934],
            [128.50225, 35.887069],
            [128.502306, 35.887118],
            [128.50298, 35.88766],
            [128.503417, 35.888043],
            [128.503497, 35.888113],
            [128.503576, 35.888181],
            [128.50367, 35.888258],
            [128.503884, 35.88843],
            [128.504051, 35.888563],
            [128.504088, 35.888609],
            [128.504589, 35.889152],
            [128.504465, 35.889278],
            [128.504161, 35.88959],
            [128.503911, 35.889456],
            [128.504024, 35.889595],
            [128.504105, 35.889775],
            [128.504134, 35.889823],
            [128.504178, 35.889983],
            [128.504196, 35.890048],
            [128.504221, 35.890138],
            [128.504328, 35.89047],
            [128.504467, 35.890762],
            [128.504486, 35.890796],
            [128.504788, 35.891375],
            [128.504791, 35.89138],
            [128.504825, 35.891448],
            [128.504949, 35.891691],
            [128.50466, 35.891736],
            [128.504672, 35.891967],
            [128.504688, 35.892429],
            [128.504632, 35.893393],
            [128.504668, 35.893528],
            [128.504848, 35.893726],
            [128.504926, 35.893912],
            [128.505047, 35.894203],
            [128.505186, 35.894536],
            [128.505227, 35.894635],
            [128.505339, 35.894903],
            [128.505338, 35.895006],
            [128.505441, 35.8952],
            [128.505435, 35.895233],
            [128.505421, 35.895313],
            [128.505421, 35.89562],
            [128.505642, 35.895987],
            [128.505733, 35.896136],
            [128.505801, 35.896458],
            [128.505808, 35.896495],
            [128.505818, 35.896545],
            [128.505845, 35.896681],
            [128.505725, 35.896891],
            [128.505476, 35.897327],
            [128.505446, 35.897513],
            [128.505443, 35.897528],
            [128.505415, 35.897546],
            [128.504647, 35.898008],
            [128.504656, 35.898117],
            [128.504708, 35.89873],
            [128.504855, 35.899329],
            [128.504855, 35.89933],
            [128.505103, 35.899583],
            [128.505347, 35.899831],
            [128.505398, 35.899878],
            [128.505881, 35.900314],
            [128.505969, 35.900394],
            [128.505961, 35.900465],
            [128.505874, 35.901231],
            [128.505753, 35.901672],
            [128.505628, 35.902087],
            [128.505613, 35.902138],
            [128.505342, 35.902412],
            [128.505176, 35.902581],
            [128.50512, 35.902815],
            [128.50519, 35.902864],
            [128.505741, 35.903253],
            [128.50585, 35.903472],
            [128.50593, 35.903811],
            [128.506029, 35.904071],
            [128.506407, 35.90447],
            [128.506634, 35.904711],
            [128.506739, 35.904876],
            [128.506756, 35.904903],
            [128.506967, 35.905535],
            [128.506949, 35.905727],
            [128.506947, 35.905754],
            [128.506916, 35.906085],
            [128.506914, 35.906103],
            [128.507009, 35.906171],
            [128.507311, 35.906388],
            [128.507346, 35.906443],
            [128.507397, 35.906475],
            [128.507686, 35.906962],
            [128.508187, 35.90755],
            [128.5085, 35.907695],
            [128.508942, 35.9079],
            [128.509235, 35.908306],
            [128.509346, 35.90846],
            [128.509397, 35.90853],
            [128.509655, 35.908892],
            [128.50981, 35.909248],
            [128.510114, 35.90992],
            [128.510121, 35.909934],
            [128.510343, 35.909942],
            [128.510671, 35.909954],
            [128.510807, 35.910193],
            [128.510863, 35.910222],
            [128.511182, 35.910346],
            [128.511883, 35.910403],
            [128.512332, 35.910661],
            [128.512675, 35.911029],
            [128.512739, 35.911098],
            [128.512887, 35.911185],
            [128.512924, 35.911207],
            [128.513099, 35.91131],
            [128.513124, 35.911325],
            [128.513457, 35.911521],
            [128.513629, 35.911527],
            [128.514058, 35.911542],
            [128.514075, 35.911543],
            [128.514184, 35.911458],
            [128.514663, 35.911084],
            [128.514901, 35.910998],
            [128.515012, 35.910998],
            [128.51502, 35.911002],
            [128.515174, 35.911093],
            [128.515213, 35.911116],
            [128.515345, 35.911194],
            [128.515702, 35.911438],
            [128.516019, 35.911457],
            [128.516022, 35.911457],
            [128.516702, 35.911755],
            [128.516903, 35.911843],
            [128.516921, 35.9119],
            [128.517144, 35.912579],
            [128.51757, 35.912985],
            [128.518154, 35.913468],
            [128.518867, 35.913899],
            [128.519155, 35.914295],
            [128.519272, 35.914649],
            [128.519694, 35.915035],
            [128.520008, 35.915447],
            [128.521175, 35.915957],
            [128.521803, 35.916353],
            [128.52211, 35.916505],
            [128.522331, 35.916565],
            [128.522465, 35.916819],
            [128.523159, 35.917567],
            [128.523164, 35.918763],
            [128.523174, 35.918857],
            [128.523056, 35.919259],
            [128.523265, 35.919455],
            [128.523276, 35.919599],
            [128.523531, 35.919777],
            [128.523916, 35.920048],
            [128.524519, 35.920358],
            [128.524745, 35.920864],
            [128.524857, 35.921304],
            [128.5253, 35.921663],
            [128.525596, 35.922011],
            [128.525784, 35.922572],
            [128.525797, 35.92292],
            [128.526713, 35.922732],
            [128.527224, 35.92284],
            [128.527652, 35.923213],
            [128.528351, 35.923535],
            [128.528645, 35.92367],
            [128.52945, 35.923591],
            [128.529455, 35.92359],
            [128.529456, 35.92359],
            [128.529466, 35.923623],
            [128.529466, 35.923625],
            [128.529469, 35.923634],
            [128.529725, 35.92448],
            [128.529676, 35.925003],
            [128.52966, 35.925174],
            [128.530011, 35.92567],
            [128.530003, 35.92633],
            [128.53013, 35.926744],
            [128.530094, 35.927269],
            [128.530222, 35.927894],
            [128.530308, 35.928209],
            [128.530365, 35.928307],
            [128.530483, 35.928608],
            [128.530589, 35.928863],
            [128.530669, 35.929039],
            [128.531025, 35.929609],
            [128.531305, 35.930052],
            [128.531523, 35.93027],
            [128.531626, 35.930426],
            [128.531739, 35.930596],
            [128.531838, 35.93069],
            [128.531841, 35.930694],
            [128.53185, 35.930692],
            [128.532119, 35.930876],
            [128.532096, 35.931012],
            [128.532186, 35.931071],
            [128.532264, 35.93116],
            [128.532487, 35.931339],
            [128.532588, 35.931396],
            [128.532603, 35.931441],
            [128.532698, 35.93148],
            [128.532791, 35.931518],
            [128.532798, 35.931503],
            [128.532995, 35.931563],
            [128.533035, 35.931604],
            [128.533034, 35.931627],
            [128.533012, 35.931739],
            [128.533095, 35.931718],
            [128.533227, 35.931812],
            [128.533357, 35.932034],
            [128.533435, 35.932104],
            [128.533465, 35.932128],
            [128.533515, 35.932169],
            [128.533544, 35.932192],
            [128.533547, 35.932194],
            [128.533556, 35.932199],
            [128.533559, 35.9322],
            [128.53357, 35.932206],
            [128.533573, 35.932208],
            [128.533583, 35.932213],
            [128.53364, 35.932243],
            [128.533743, 35.932373],
            [128.533545, 35.932445],
            [128.533517, 35.932446],
            [128.533568, 35.932837],
            [128.533568, 35.932854],
            [128.533572, 35.933139],
            [128.533573, 35.933299],
            [128.533574, 35.933404],
            [128.533575, 35.933472],
            [128.533575, 35.933474],
            [128.533582, 35.93355],
            [128.533588, 35.933613],
            [128.533591, 35.933652],
            [128.533597, 35.933712],
            [128.533613, 35.933985],
            [128.533755, 35.934792],
            [128.533947, 35.93496],
            [128.534375, 35.935334],
            [128.534384, 35.935342],
            [128.534302, 35.935829],
            [128.534271, 35.936016],
            [128.534337, 35.936696],
            [128.534391, 35.936996],
            [128.534827, 35.937574],
            [128.535055, 35.937889],
            [128.535279, 35.938367],
            [128.535285, 35.938379],
            [128.535263, 35.938393],
            [128.535118, 35.938486],
            [128.535065, 35.938635],
            [128.534992, 35.938837],
            [128.534706, 35.939634],
            [128.534676, 35.939895],
            [128.534727, 35.940181],
            [128.53482, 35.940644],
            [128.5347, 35.940984],
            [128.534727, 35.941228],
            [128.534734, 35.941319],
            [128.534778, 35.941838],
            [128.534281, 35.942318],
            [128.534387, 35.943117],
            [128.5341, 35.943417],
            [128.534092, 35.943555],
            [128.534053, 35.944239],
            [128.534082, 35.944465],
            [128.53386, 35.944794],
            [128.533358, 35.945523],
            [128.534018, 35.946083],
            [128.533985, 35.946198],
            [128.533975, 35.946233],
            [128.533963, 35.946274],
            [128.533687, 35.947234],
            [128.533531, 35.947775],
            [128.533751, 35.948007],
            [128.533773, 35.948057],
            [128.533806, 35.948327],
            [128.533645, 35.949181],
            [128.533011, 35.949529],
            [128.532647, 35.95031],
            [128.532583, 35.950449],
            [128.532549, 35.950542],
            [128.532609, 35.950743],
            [128.532844, 35.951526],
            [128.532932, 35.952272],
            [128.532998, 35.952842],
            [128.533173, 35.953509],
            [128.533192, 35.95358],
            [128.533219, 35.953686],
            [128.533411, 35.954093],
            [128.533813, 35.955023],
            [128.534078, 35.955638],
            [128.534288, 35.956289],
            [128.534496, 35.956923],
            [128.534523, 35.957039],
            [128.534609, 35.957413],
            [128.534794, 35.958207],
            [128.534811, 35.958381],
            [128.534811, 35.958383],
            [128.534763, 35.958473],
            [128.534761, 35.958477],
            [128.53446, 35.95904],
            [128.533478, 35.960876],
            [128.53282, 35.961255],
            [128.532717, 35.961259],
            [128.532527, 35.961267],
            [128.531919, 35.961287],
            [128.531623, 35.961403],
            [128.53154, 35.961435],
            [128.5315, 35.961443],
            [128.531393, 35.961463],
            [128.530888, 35.961556],
            [128.530818, 35.961631],
            [128.530561, 35.961906],
            [128.530497, 35.96199],
            [128.530468, 35.962143],
            [128.530407, 35.962436],
            [128.529932, 35.964696],
            [128.52986, 35.965028],
            [128.529572, 35.965428],
            [128.529517, 35.965601],
            [128.529418, 35.965936],
            [128.529382, 35.966394],
            [128.529299, 35.967459],
            [128.529203, 35.968801],
            [128.528528, 35.970037],
            [128.528314, 35.97043],
            [128.527741, 35.971495],
            [128.528176, 35.973204],
            [128.528185, 35.973238],
            [128.528134, 35.973289],
            [128.527687, 35.973733],
            [128.527528, 35.974118],
            [128.527481, 35.974231],
            [128.527232, 35.974814],
            [128.527056, 35.975168],
            [128.526986, 35.975216],
            [128.526651, 35.975447],
            [128.526662, 35.975466],
            [128.526896, 35.975851],
            [128.527256, 35.976088],
            [128.52736, 35.976156],
            [128.52895, 35.9772],
            [128.528947, 35.977736],
            [128.52828, 35.979008],
            [128.528302, 35.979418],
            [128.528354, 35.98035],
            [128.528737, 35.980378],
            [128.528789, 35.980382],
            [128.528798, 35.980383],
            [128.530494, 35.980507],
            [128.531241, 35.980562],
            [128.53364, 35.979566],
            [128.534219, 35.979233],
            [128.536115, 35.979441],
            [128.537282, 35.977501],
            [128.537945, 35.977034],
            [128.539185, 35.976569],
            [128.540423, 35.976574],
            [128.541004, 35.975973],
            [128.541914, 35.975574],
            [128.542823, 35.975242],
            [128.543486, 35.974775],
            [128.543736, 35.974441],
            [128.543576, 35.973434],
            [128.543661, 35.973166],
            [128.545658, 35.970223],
            [128.545927, 35.969638],
            [128.546242, 35.968951],
            [128.546163, 35.968481],
            [128.546416, 35.967543],
            [128.54634, 35.966335],
            [128.546674, 35.965666],
            [128.547751, 35.964798],
            [128.548582, 35.963863],
            [128.549165, 35.962859],
            [128.549278, 35.962496],
            [128.549333, 35.962323],
            [128.549467, 35.962338],
            [128.55057, 35.962462],
            [128.550866, 35.962104],
            [128.550902, 35.96206],
            [128.551399, 35.96186],
            [128.551478, 35.961829],
            [128.551533, 35.961647],
            [128.551679, 35.961565],
            [128.551887, 35.961568],
            [128.551932, 35.961646],
            [128.552059, 35.961595],
            [128.55269, 35.961164],
            [128.552766, 35.961025],
            [128.552937, 35.960893],
            [128.553139, 35.960858],
            [128.553257, 35.960778],
            [128.553322, 35.960765],
            [128.553331, 35.96078],
            [128.553392, 35.960896],
            [128.553466, 35.961035],
            [128.553619, 35.961608],
            [128.553651, 35.961738],
            [128.553685, 35.961883],
            [128.553768, 35.96222],
            [128.55384, 35.96246],
            [128.553844, 35.962477],
            [128.553836, 35.962474],
            [128.553838, 35.962463],
            [128.553838, 35.962458],
            [128.553836, 35.962456],
            [128.553834, 35.962455],
            [128.553833, 35.962454],
            [128.553831, 35.962453],
            [128.553763, 35.962432],
            [128.553762, 35.962431],
            [128.553756, 35.962431],
            [128.553755, 35.962432],
            [128.553753, 35.962433],
            [128.553752, 35.962433],
            [128.553751, 35.962435],
            [128.553749, 35.962437],
            [128.553694, 35.962555],
            [128.553693, 35.962557],
            [128.553693, 35.96256],
            [128.553694, 35.962561],
            [128.553694, 35.962562],
            [128.553695, 35.962564],
            [128.553697, 35.962565],
            [128.553698, 35.962566],
            [128.5537, 35.962567],
            [128.553875, 35.962629],
            [128.553876, 35.962629],
            [128.553878, 35.96263],
            [128.553885, 35.96263],
            [128.553886, 35.962629],
            [128.553887, 35.962629],
            [128.553905, 35.962685],
            [128.553946, 35.962832],
            [128.554026, 35.963116],
            [128.554082, 35.963331],
            [128.554224, 35.963573],
            [128.554233, 35.96359],
            [128.554247, 35.963615],
            [128.554267, 35.963647],
            [128.554393, 35.963936],
            [128.554498, 35.964186],
            [128.554558, 35.964275],
            [128.554703, 35.964488],
            [128.554818, 35.964663],
            [128.554935, 35.964843],
            [128.554969, 35.964894],
            [128.555161, 35.965056],
            [128.555201, 35.96509],
            [128.555414, 35.965276],
            [128.555579, 35.965495],
            [128.555697, 35.965818],
            [128.555815, 35.966053],
            [128.555892, 35.966226],
            [128.556009, 35.966457],
            [128.556097, 35.966692],
            [128.556105, 35.966712],
            [128.556177, 35.966922],
            [128.556194, 35.967166],
            [128.556203, 35.967404],
            [128.556105, 35.96772],
            [128.556019, 35.968015],
            [128.555982, 35.968122],
            [128.55592, 35.968358],
            [128.555904, 35.968408],
            [128.555955, 35.968837],
            [128.556004, 35.968925],
            [128.556105, 35.969102],
            [128.556166, 35.969518],
            [128.556199, 35.969775],
            [128.556645, 35.969758],
            [128.556631, 35.969884],
            [128.556615, 35.96997],
            [128.556599, 35.970038],
            [128.556569, 35.970152],
            [128.556536, 35.970267],
            [128.556461, 35.970462],
            [128.556445, 35.97057],
            [128.556422, 35.97067],
            [128.556416, 35.970703],
            [128.556406, 35.970759],
            [128.556387, 35.970834],
            [128.55632, 35.971069],
            [128.556309, 35.971162],
            [128.556306, 35.971237],
            [128.556294, 35.971301],
            [128.556295, 35.971376],
            [128.556303, 35.971457],
            [128.556367, 35.971738],
            [128.557066, 35.97223],
            [128.557971, 35.972549],
            [128.558518, 35.97275],
            [128.559612, 35.972741],
            [128.560316, 35.972877],
            [128.560386, 35.973044],
            [128.561643, 35.972539],
            [128.561665, 35.97253],
            [128.563489, 35.973032],
            [128.564707, 35.972937],
            [128.565677, 35.973733],
            [128.565677, 35.973826],
            [128.56567, 35.974921],
            [128.569072, 35.976517],
            [128.570566, 35.977229],
            [128.572368, 35.978089],
            [128.572838, 35.978313],
            [128.573664, 35.978036],
            [128.574302, 35.977823],
            [128.574524, 35.977854],
            [128.575032, 35.977924],
            [128.578561, 35.978432],
            [128.5805, 35.978152],
            [128.581243, 35.978045],
            [128.582338, 35.978247],
            [128.582588, 35.978147],
            [128.582875, 35.978031],
            [128.583314, 35.977855],
            [128.583275, 35.977617],
            [128.583227, 35.977324],
            [128.583227, 35.977319],
            [128.58322, 35.977281],
            [128.58323, 35.977284],
            [128.583288, 35.977305],
            [128.583507, 35.977384],
            [128.585097, 35.977958],
            [128.587364, 35.979394],
            [128.587932, 35.979012],
            [128.587986, 35.978976],
            [128.589036, 35.979102],
            [128.590156, 35.979235],
            [128.590875, 35.980078],
            [128.592093, 35.980507],
            [128.593042, 35.980842],
            [128.592925, 35.983362],
            [128.593019, 35.983394],
            [128.594163, 35.983786],
            [128.595443, 35.984284],
            [128.596124, 35.984549],
            [128.596884, 35.98472],
            [128.598396, 35.98506],
            [128.600564, 35.985488],
            [128.602874, 35.985901],
            [128.602932, 35.985911],
            [128.603177, 35.985955],
            [128.603349, 35.985986],
            [128.603504, 35.986013],
            [128.6035, 35.986322],
            [128.603499, 35.986422],
            [128.603497, 35.986547],
            [128.603494, 35.986811],
            [128.603438, 35.987302],
            [128.603419, 35.987468],
            [128.603378, 35.987823],
            [128.603359, 35.987987],
            [128.603601, 35.988226],
            [128.603836, 35.988459],
            [128.603898, 35.98852],
            [128.604197, 35.988815],
            [128.60481, 35.989421],
            [128.60594, 35.990758],
            [128.605987, 35.990813],
            [128.60599, 35.990816],
            [128.605993, 35.990825],
            [128.606099, 35.991109],
            [128.606134, 35.991204],
            [128.606256, 35.991489],
            [128.606509, 35.992084],
            [128.606728, 35.992277],
            [128.60695, 35.992473],
            [128.607041, 35.992554],
            [128.607553, 35.992994],
            [128.607693, 35.993114],
            [128.607904, 35.993216],
            [128.608185, 35.993352],
            [128.608261, 35.993388],
            [128.608309, 35.993411],
            [128.608627, 35.993587],
            [128.608643, 35.993597],
            [128.608647, 35.993603],
            [128.608694, 35.993684],
            [128.608697, 35.99369],
            [128.608785, 35.993843],
            [128.608813, 35.993892],
            [128.608838, 35.993936],
            [128.608804, 35.994154],
            [128.608973, 35.994568],
            [128.609003, 35.99464],
            [128.609358, 35.994909],
            [128.609545, 35.995051],
            [128.609579, 35.995077],
            [128.609585, 35.995087],
            [128.609955, 35.99568],
            [128.61003, 35.9958],
            [128.610219, 35.996103],
            [128.610209, 35.996107],
            [128.61019, 35.996116],
            [128.610191, 35.996221],
            [128.610195, 35.99628],
            [128.610195, 35.996281],
            [128.610196, 35.996285],
            [128.610197, 35.996302],
            [128.610198, 35.996324],
            [128.610196, 35.996329],
            [128.61016, 35.996407],
            [128.610149, 35.996426],
            [128.610137, 35.996447],
            [128.610061, 35.996591],
            [128.610034, 35.996652],
            [128.610028, 35.996665],
            [128.610064, 35.996682],
            [128.610056, 35.996729],
            [128.610053, 35.996747],
            [128.610222, 35.996829],
            [128.610389, 35.996916],
            [128.610539, 35.99698],
            [128.610552, 35.996985],
            [128.610564, 35.996991],
            [128.610642, 35.997027],
            [128.61066, 35.997035],
            [128.610693, 35.99705],
            [128.610778, 35.997073],
            [128.610858, 35.997093],
            [128.610835, 35.997117],
            [128.610834, 35.997118],
            [128.610809, 35.997145],
            [128.610813, 35.997152],
            [128.61103, 35.997512],
            [128.611207, 35.997594],
            [128.611378, 35.997675],
            [128.611564, 35.997662],
            [128.611806, 35.997936],
            [128.611824, 35.997956],
            [128.611851, 35.998008],
            [128.612043, 35.998377],
            [128.612516, 35.999297],
            [128.613179, 35.99944],
            [128.613553, 35.999521],
            [128.613633, 35.999539],
            [128.614494, 35.999974],
            [128.61491, 36.000407],
            [128.615717, 36.000977],
            [128.616034, 36.001828],
            [128.616151, 36.002142],
            [128.616226, 36.002369],
            [128.616288, 36.002558],
            [128.616652, 36.003642],
            [128.617033, 36.005056],
            [128.617408, 36.006449],
            [128.617428, 36.006524],
            [128.617439, 36.006562],
            [128.617446, 36.006589],
            [128.617486, 36.006737],
            [128.618155, 36.006695],
            [128.61867, 36.006412],
            [128.618849, 36.006374],
            [128.61938, 36.006261],
            [128.620523, 36.006019],
            [128.620726, 36.006045],
            [128.620794, 36.006053],
            [128.621265, 36.00609],
            [128.621883, 36.00603],
            [128.621991, 36.006247],
            [128.622757, 36.006317],
            [128.623598, 36.006395],
            [128.623628, 36.006452],
            [128.623763, 36.006706],
            [128.624037, 36.007465],
            [128.624456, 36.007657],
            [128.624616, 36.007682],
            [128.625058, 36.007751],
            [128.625404, 36.007562],
            [128.625737, 36.007766],
            [128.626099, 36.007853],
            [128.630581, 36.007121],
            [128.630843, 36.007265],
            [128.631641, 36.007705],
            [128.63243, 36.00814],
            [128.632667, 36.008192],
            [128.633014, 36.008268],
            [128.633025, 36.00827],
            [128.633467, 36.008418],
            [128.633898, 36.008563],
            [128.634793, 36.009004],
            [128.634846, 36.00903],
            [128.635359, 36.009054],
            [128.635388, 36.009056],
            [128.636243, 36.009095],
            [128.63699, 36.009158],
            [128.637205, 36.009176],
            [128.637397, 36.009192],
            [128.637797, 36.009147],
            [128.637986, 36.009165],
            [128.638475, 36.009211],
            [128.638811, 36.009243],
            [128.638954, 36.009296],
            [128.639539, 36.009514],
            [128.639959, 36.009571],
            [128.640054, 36.009703],
            [128.64013, 36.009809],
            [128.640258, 36.009985],
            [128.64072, 36.010515],
            [128.640711, 36.010531],
            [128.64071, 36.010532],
            [128.63923, 36.012874],
            [128.638993, 36.01316],
            [128.637258, 36.015257],
            [128.636901, 36.016887],
            [128.635766, 36.017705],
            [128.635453, 36.017931],
            [128.634542, 36.018556],
            [128.631532, 36.020057],
            [128.628787, 36.02134],
            [128.627754, 36.02157],
            [128.626432, 36.021881],
            [128.624634, 36.023336],
            [128.622634, 36.02408],
            [128.622569, 36.024139],
            [128.622273, 36.024405],
            [128.621352, 36.025236],
            [128.621517, 36.025611],
            [128.621527, 36.025635],
            [128.621704, 36.026036],
            [128.621752, 36.026146],
            [128.621633, 36.026838],
            [128.621602, 36.027015],
            [128.621243, 36.028059],
            [128.621598, 36.02858],
            [128.621644, 36.028647],
            [128.621511, 36.028995],
            [128.621964, 36.029873],
            [128.621933, 36.030167],
            [128.621886, 36.030615],
            [128.621884, 36.030706],
            [128.621876, 36.030988],
            [128.621844, 36.031028],
            [128.621732, 36.031173],
            [128.621718, 36.03119],
            [128.621565, 36.031792],
            [128.621445, 36.032258],
            [128.621362, 36.032397],
            [128.621281, 36.032645],
            [128.621295, 36.032686],
            [128.621713, 36.033915],
            [128.622268, 36.03475],
            [128.622582, 36.034972],
            [128.622632, 36.03507],
            [128.62268, 36.035164],
            [128.623073, 36.035919],
            [128.622869, 36.036425],
            [128.623081, 36.036578],
            [128.623124, 36.036609],
            [128.623112, 36.036636],
            [128.622886, 36.037145],
            [128.622591, 36.037811],
            [128.622594, 36.037824],
            [128.622693, 36.038174],
            [128.623191, 36.038507],
            [128.623308, 36.038506],
            [128.623402, 36.038505],
            [128.623446, 36.038561],
            [128.623955, 36.039211],
            [128.623983, 36.039213],
            [128.624281, 36.039224],
            [128.624475, 36.039336],
            [128.624461, 36.039443],
            [128.624389, 36.039965],
            [128.625729, 36.041555],
            [128.625744, 36.041572],
            [128.625829, 36.041643],
            [128.626019, 36.041799],
            [128.626117, 36.04188],
            [128.626098, 36.042157],
            [128.62613, 36.042478],
            [128.626254, 36.042637],
            [128.62602, 36.043661],
            [128.626115, 36.04367],
            [128.626126, 36.043671],
            [128.626203, 36.043725],
            [128.626334, 36.043815],
            [128.627, 36.044275],
            [128.626955, 36.044331],
            [128.627683, 36.044979],
            [128.627729, 36.045049],
            [128.627909, 36.045669],
            [128.627677, 36.04615],
            [128.627448, 36.046625],
            [128.627312, 36.047586],
            [128.627474, 36.047936],
            [128.627776, 36.048308],
            [128.628244, 36.049634],
            [128.628906, 36.050736],
            [128.628905, 36.050976],
            [128.628889, 36.051576],
            [128.62925, 36.052328],
            [128.629343, 36.052651],
            [128.628799, 36.053073],
            [128.62875, 36.053185],
            [128.628802, 36.053927],
            [128.629213, 36.055209],
            [128.629132, 36.055557],
            [128.628995, 36.055999],
            [128.628677, 36.056503],
            [128.628602, 36.056965],
            [128.628724, 36.05795],
            [128.628368, 36.05898],
            [128.628288, 36.059212],
            [128.628369, 36.059752],
            [128.628437, 36.059947],
            [128.628491, 36.059947],
            [128.628537, 36.059946],
            [128.629117, 36.059941],
            [128.629589, 36.060226],
            [128.630426, 36.060002],
            [128.630467, 36.059991],
            [128.630524, 36.059976],
            [128.630569, 36.059964],
            [128.630589, 36.059958],
            [128.630589, 36.060033],
            [128.630588, 36.060363],
            [128.630587, 36.060507],
            [128.630484, 36.060862],
            [128.630318, 36.061083],
            [128.630361, 36.061086],
            [128.630301, 36.061108],
            [128.630266, 36.061135],
            [128.630242, 36.061154],
            [128.63024, 36.061154],
            [128.630196, 36.061161],
            [128.630437, 36.061366],
            [128.631856, 36.06362],
            [128.63194, 36.065212],
            [128.632489, 36.066366],
            [128.632645, 36.066693],
            [128.632695, 36.066843],
            [128.632269, 36.067157],
            [128.631588, 36.06766],
            [128.63075, 36.067931],
            [128.630716, 36.067951],
            [128.630312, 36.068193],
            [128.629374, 36.068746],
            [128.629217, 36.068838],
            [128.629013, 36.068813],
            [128.628653, 36.068768],
            [128.628564, 36.068789],
            [128.628051, 36.068907],
            [128.627621, 36.069006],
            [128.62759, 36.069013],
            [128.627586, 36.069014],
            [128.627591, 36.069034],
            [128.627653, 36.069278],
            [128.627677, 36.069374],
            [128.627783, 36.069439],
            [128.628224, 36.069715],
            [128.628461, 36.069926],
            [128.628751, 36.070184],
            [128.628857, 36.070439],
            [128.628967, 36.070704],
            [128.62913, 36.071099],
            [128.629137, 36.071116],
            [128.628814, 36.071612],
            [128.628509, 36.071874],
            [128.628311, 36.072044],
            [128.628306, 36.072049],
            [128.628476, 36.072121],
            [128.629154, 36.072411],
            [128.629193, 36.072428],
            [128.629833, 36.07306],
            [128.630318, 36.073539],
            [128.630466, 36.073822],
            [128.63053, 36.073944],
            [128.631499, 36.075356],
            [128.631497, 36.07537],
            [128.63142, 36.076165],
            [128.631401, 36.076354],
            [128.631355, 36.076713],
            [128.631348, 36.076719],
            [128.630471, 36.077466],
            [128.630467, 36.077469],
            [128.63037, 36.077552],
            [128.630332, 36.077584],
            [128.628497, 36.078828],
            [128.628172, 36.079813],
            [128.627758, 36.080162],
            [128.627474, 36.080205],
            [128.627185, 36.080207],
            [128.626089, 36.080214],
            [128.62541, 36.080519],
            [128.625355, 36.080544],
            [128.625353, 36.080542],
            [128.624734, 36.080139],
            [128.62455, 36.079551],
            [128.624558, 36.07932],
            [128.624637, 36.079192],
            [128.623945, 36.078041],
            [128.623452, 36.077738],
            [128.622302, 36.077317],
            [128.621943, 36.077254],
            [128.621183, 36.077111],
            [128.620666, 36.077084],
            [128.619649, 36.077246],
            [128.618208, 36.076937],
            [128.617269, 36.077375],
            [128.61668, 36.077556],
            [128.615572, 36.077896],
            [128.615287, 36.077755],
            [128.614367, 36.077181],
            [128.613819, 36.077149],
            [128.613028, 36.077102],
            [128.612577, 36.07681],
            [128.612111, 36.076509],
            [128.611885, 36.076474],
            [128.611624, 36.076535],
            [128.611367, 36.076596],
            [128.610568, 36.076592],
            [128.608972, 36.076584],
            [128.607137, 36.076106],
            [128.607148, 36.076093],
            [128.607151, 36.076088],
            [128.60739, 36.075781],
            [128.60771, 36.075367],
            [128.607726, 36.075346],
            [128.607713, 36.075345],
            [128.607408, 36.075325],
            [128.607329, 36.075325],
            [128.607261, 36.075332],
            [128.60717, 36.075345],
            [128.607075, 36.075368],
            [128.606961, 36.0754],
            [128.606524, 36.075532],
            [128.606113, 36.075607],
            [128.606038, 36.075616],
            [128.605901, 36.075608],
            [128.605796, 36.075596],
            [128.605629, 36.07557],
            [128.605421, 36.075542],
            [128.605263, 36.075545],
            [128.605165, 36.075552],
            [128.604902, 36.07558],
            [128.604817, 36.075592],
            [128.604617, 36.075613],
            [128.604115, 36.075664],
            [128.603831, 36.075683],
            [128.603729, 36.075677],
            [128.60342, 36.075613],
            [128.603303, 36.075599],
            [128.60299, 36.075581],
            [128.602806, 36.075564],
            [128.602458, 36.075413],
            [128.602442, 36.075406],
            [128.602295, 36.075519],
            [128.602272, 36.075537],
            [128.600974, 36.075447],
            [128.600208, 36.07541],
            [128.598812, 36.074984],
            [128.597963, 36.074963],
            [128.597879, 36.074961],
            [128.597582, 36.074672],
            [128.597572, 36.07465],
            [128.597483, 36.074441],
            [128.597333, 36.074091],
            [128.5973, 36.073909],
            [128.597156, 36.073114],
            [128.596921, 36.071908],
            [128.596955, 36.070923],
            [128.596715, 36.070322],
            [128.596975, 36.068731],
            [128.597592, 36.066885],
            [128.597409, 36.066738],
            [128.597354, 36.066692],
            [128.596618, 36.06608],
            [128.596154, 36.066029],
            [128.595808, 36.065467],
            [128.595436, 36.065195],
            [128.594955, 36.063816],
            [128.594457, 36.062835],
            [128.594281, 36.062879],
            [128.594095, 36.062925],
            [128.5939, 36.062955],
            [128.593444, 36.062968],
            [128.592261, 36.062795],
            [128.591141, 36.062864],
            [128.589978, 36.063146],
            [128.589532, 36.063264],
            [128.589451, 36.063285],
            [128.588996, 36.063356],
            [128.588468, 36.063439],
            [128.588112, 36.063778],
            [128.588109, 36.063781],
            [128.58744, 36.063821],
            [128.587079, 36.063686],
            [128.586979, 36.063648],
            [128.584787, 36.066636],
            [128.584594, 36.066808],
            [128.584366, 36.067012],
            [128.583885, 36.06749],
            [128.583488, 36.067873],
            [128.583466, 36.067894],
            [128.583179, 36.067588],
            [128.583119, 36.067523],
            [128.582945, 36.06742],
            [128.582577, 36.067202],
            [128.58257, 36.067198],
            [128.581999, 36.06711],
            [128.581652, 36.066963],
            [128.581022, 36.06684],
            [128.580835, 36.066804],
            [128.580355, 36.066711],
            [128.58025, 36.06647],
            [128.580258, 36.066173],
            [128.580078, 36.065656],
            [128.580095, 36.065265],
            [128.57964, 36.064727],
            [128.579579, 36.064642],
            [128.579499, 36.064532],
            [128.579132, 36.064026],
            [128.579033, 36.063888],
            [128.579001, 36.063845],
            [128.578224, 36.063603],
            [128.57818, 36.06359],
            [128.577962, 36.063306],
            [128.577932, 36.063267],
            [128.577714, 36.063175],
            [128.577669, 36.063157],
            [128.577416, 36.062822],
            [128.577387, 36.062783],
            [128.577169, 36.062781],
            [128.576987, 36.06267],
            [128.576949, 36.062646],
            [128.576915, 36.062625],
            [128.576717, 36.06267],
            [128.576254, 36.062613],
            [128.575657, 36.062638],
            [128.575632, 36.062639],
            [128.575352, 36.062371],
            [128.575268, 36.062291],
            [128.575076, 36.062203],
            [128.574719, 36.06204],
            [128.574396, 36.061819],
            [128.573954, 36.061614],
            [128.573579, 36.061496],
            [128.573042, 36.061201],
            [128.572671, 36.060751],
            [128.572326, 36.060309],
            [128.571992, 36.059853],
            [128.571394, 36.059335],
            [128.57101, 36.059154],
            [128.57081, 36.05906],
            [128.570077, 36.058519],
            [128.569675, 36.058346],
            [128.569499, 36.058271],
            [128.569395, 36.058226],
            [128.56909, 36.058707],
            [128.569021, 36.058979],
            [128.568953, 36.059248],
            [128.568932, 36.061105],
            [128.568922, 36.061996],
            [128.568022, 36.063536],
            [128.567862, 36.06381],
            [128.567568, 36.064333],
            [128.567282, 36.06484],
            [128.566763, 36.06576],
            [128.566797, 36.066371],
            [128.566737, 36.066961],
            [128.565607, 36.067682],
            [128.564501, 36.069026],
            [128.563878, 36.069716],
            [128.563866, 36.069729],
            [128.563842, 36.069756],
            [128.563829, 36.070253],
            [128.563816, 36.07072],
            [128.563884, 36.071343],
            [128.563849, 36.071826],
            [128.563867, 36.07185],
            [128.564575, 36.072806],
            [128.56462, 36.0729],
            [128.564708, 36.073081],
            [128.564873, 36.073422],
            [128.565248, 36.073782],
            [128.565588, 36.074107],
            [128.565265, 36.074838],
            [128.565229, 36.074918],
            [128.565193, 36.075096],
            [128.565, 36.076042],
            [128.565292, 36.077211],
            [128.566342, 36.078287],
            [128.566978, 36.078939],
            [128.567141, 36.079137],
            [128.567235, 36.079251],
            [128.567328, 36.079364],
            [128.567501, 36.079574],
            [128.567723, 36.079844],
            [128.567621, 36.07994],
            [128.567562, 36.079995],
            [128.567074, 36.080454],
            [128.566957, 36.080564],
            [128.566764, 36.080746],
            [128.566691, 36.080975],
            [128.566644, 36.081124],
            [128.56651, 36.081441],
            [128.566543, 36.081542],
            [128.56665, 36.081865],
            [128.56676, 36.082198],
            [128.567627, 36.083293],
            [128.567999, 36.083704],
            [128.568214, 36.084596],
            [128.568294, 36.085524],
            [128.568319, 36.08582],
            [128.5686, 36.087295],
            [128.568697, 36.087585],
            [128.56887, 36.088098],
            [128.569005, 36.0885],
            [128.568681, 36.089365],
            [128.568623, 36.089521],
            [128.568094, 36.090569],
            [128.567914, 36.091711],
            [128.567909, 36.091854],
            [128.56784, 36.092536],
            [128.567888, 36.093161],
            [128.567895, 36.093261],
            [128.567905, 36.09348],
            [128.567827, 36.093721],
            [128.567461, 36.094707],
            [128.567461, 36.094825],
            [128.567532, 36.095373],
            [128.567556, 36.095555],
            [128.567538, 36.095584],
            [128.56751, 36.09563],
            [128.567215, 36.096108],
            [128.56711, 36.096278],
            [128.566428, 36.096984],
            [128.565717, 36.097798],
            [128.564892, 36.098224],
            [128.564588, 36.098219],
            [128.563864, 36.098207],
            [128.563384, 36.098328],
            [128.563383, 36.098328],
            [128.563357, 36.098335],
            [128.563142, 36.098566],
            [128.562962, 36.098821],
            [128.562969, 36.098883],
            [128.563002, 36.099204],
            [128.562787, 36.09964],
            [128.562836, 36.10034],
            [128.562927, 36.100473],
            [128.564015, 36.101422],
            [128.564624, 36.102602],
            [128.56493, 36.103912],
            [128.564899, 36.104374],
            [128.564708, 36.105913],
            [128.564676, 36.106264],
            [128.564658, 36.106453],
            [128.564653, 36.106506],
            [128.564644, 36.106605],
            [128.564625, 36.106784],
            [128.564628, 36.106792],
            [128.564627, 36.10685],
            [128.565161, 36.108658],
            [128.565214, 36.109589],
            [128.565216, 36.109615],
            [128.564834, 36.109894],
            [128.564648, 36.110029],
            [128.563674, 36.110748],
            [128.562891, 36.11102],
            [128.562886, 36.111021],
            [128.562877, 36.111025],
            [128.562844, 36.111116],
            [128.562831, 36.112146],
            [128.563083, 36.113631],
            [128.563196, 36.113761],
            [128.563545, 36.11416],
            [128.563657, 36.114288],
            [128.563737, 36.114379],
            [128.563745, 36.114405],
            [128.563759, 36.11445],
            [128.563815, 36.114771],
            [128.563971, 36.115674],
            [128.563995, 36.115811],
            [128.564003, 36.115858],
            [128.563963, 36.115983],
            [128.56374, 36.116674],
            [128.563708, 36.116719],
            [128.563704, 36.116727],
            [128.563676, 36.116776],
            [128.563675, 36.116781],
            [128.563656, 36.116889],
            [128.563647, 36.116941],
            [128.563568, 36.117017],
            [128.563556, 36.117035],
            [128.563061, 36.117792],
            [128.562516, 36.118347],
            [128.562397, 36.118495],
            [128.561976, 36.119012],
            [128.561805, 36.11917],
            [128.561598, 36.11936],
            [128.56159, 36.119367],
            [128.560393, 36.119646],
            [128.56031, 36.119693],
            [128.559754, 36.120006],
            [128.559573, 36.120108],
            [128.559062, 36.119646],
            [128.559032, 36.119619],
            [128.559027, 36.119618],
            [128.558658, 36.119543],
            [128.557986, 36.119491],
            [128.556746, 36.120604],
            [128.555927, 36.121075],
            [128.554879, 36.121617],
            [128.55487, 36.121658],
            [128.554862, 36.121695],
            [128.554693, 36.12246],
            [128.554666, 36.122891],
            [128.554655, 36.122902],
            [128.554151, 36.123424],
            [128.554122, 36.123589],
            [128.554089, 36.12378],
            [128.554072, 36.123791],
            [128.553742, 36.124017],
            [128.553209, 36.124685],
            [128.5531, 36.124822],
            [128.552767, 36.12516],
            [128.552692, 36.125284],
            [128.5525, 36.125602],
            [128.552684, 36.126103],
            [128.552909, 36.12751],
            [128.552922, 36.127593],
            [128.552499, 36.128285],
            [128.552216, 36.128673],
            [128.552101, 36.128832],
            [128.551641, 36.12884],
            [128.551623, 36.12884],
            [128.551608, 36.128849],
            [128.55142, 36.128961],
            [128.551142, 36.129128],
            [128.550928, 36.129255],
            [128.55077, 36.129357],
            [128.550747, 36.129396],
            [128.550737, 36.129413],
            [128.55049, 36.129828],
            [128.55013, 36.130158],
            [128.550032, 36.130315],
            [128.549793, 36.1307],
            [128.5497, 36.130711],
            [128.5496, 36.130707],
            [128.549227, 36.130691],
            [128.548575, 36.130973],
            [128.548576, 36.13099],
            [128.548598, 36.131514],
            [128.548605, 36.131681],
            [128.548587, 36.132157],
            [128.549056, 36.132939],
            [128.550046, 36.134312],
            [128.550088, 36.134361],
            [128.550557, 36.134904],
            [128.550677, 36.135044],
            [128.551383, 36.135861],
            [128.551389, 36.135882],
            [128.551674, 36.13688],
            [128.552132, 36.137694],
            [128.552572, 36.138467],
            [128.552899, 36.139042],
            [128.55291, 36.139061],
            [128.552817, 36.139112],
            [128.552683, 36.139185],
            [128.552149, 36.139565],
            [128.551403, 36.140094],
            [128.550808, 36.14017],
            [128.550242, 36.140243],
            [128.549716, 36.140224],
            [128.54926, 36.140207],
            [128.549231, 36.140213],
            [128.548641, 36.14033],
            [128.548604, 36.140337],
            [128.54849, 36.140432],
            [128.548441, 36.140473],
            [128.548273, 36.1407],
            [128.548581, 36.141254],
            [128.548732, 36.14281],
            [128.548757, 36.143085],
            [128.54888, 36.143427],
            [128.549668, 36.145263],
            [128.549639, 36.145313],
            [128.54944, 36.14632],
            [128.549011, 36.147145],
            [128.548758, 36.148039],
            [128.54901, 36.14888],
            [128.549051, 36.149019],
            [128.549052, 36.149022],
            [128.549393, 36.149323],
            [128.549419, 36.149343],
            [128.549779, 36.149615],
            [128.549817, 36.149644],
            [128.549842, 36.149708],
            [128.550073, 36.150299],
            [128.550186, 36.150648],
            [128.549836, 36.150777],
            [128.549256, 36.150991],
            [128.548543, 36.151403],
            [128.548251, 36.151783],
            [128.548212, 36.151834],
            [128.547416, 36.152347],
            [128.547129, 36.152915],
            [128.546652, 36.153812],
            [128.5465, 36.153817],
            [128.545529, 36.153852],
            [128.545523, 36.153852],
            [128.545481, 36.15387],
            [128.544468, 36.154285],
            [128.543906, 36.154393],
            [128.543462, 36.154479],
            [128.543013, 36.154566],
            [128.542921, 36.154583],
            [128.542901, 36.154587],
            [128.542409, 36.154671],
            [128.542478, 36.154876],
            [128.542481, 36.154885],
            [128.5426, 36.155236],
            [128.542399, 36.155869],
            [128.5421, 36.156812],
            [128.542021, 36.157049],
            [128.541735, 36.158002],
            [128.540975, 36.15981],
            [128.540957, 36.159902],
            [128.540906, 36.160149],
            [128.540876, 36.1603],
            [128.540875, 36.160302],
            [128.54078, 36.160396],
            [128.540103, 36.161065],
            [128.540078, 36.16109],
            [128.540335, 36.161549],
            [128.540428, 36.161715],
            [128.540919, 36.16229],
            [128.541848, 36.163378],
            [128.542118, 36.163713],
            [128.542467, 36.163992],
            [128.543196, 36.164574],
            [128.543915, 36.16499],
            [128.543951, 36.165059],
            [128.544047, 36.16524],
            [128.544451, 36.166007],
            [128.544868, 36.166101],
            [128.544869, 36.166101],
            [128.545719, 36.165567],
            [128.545984, 36.1654],
            [128.546142, 36.165301],
            [128.546475, 36.165081],
            [128.546652, 36.164976],
            [128.547291, 36.164628],
            [128.547316, 36.164614],
            [128.54769, 36.16448],
            [128.547746, 36.16446],
            [128.548016, 36.164364],
            [128.548289, 36.164266],
            [128.54831, 36.164259],
            [128.548307, 36.164268],
            [128.548286, 36.16434],
            [128.54827, 36.164392],
            [128.548297, 36.164559],
            [128.548369, 36.164591],
            [128.548398, 36.164528],
            [128.548425, 36.164517],
            [128.548471, 36.164287],
            [128.548477, 36.164261],
            [128.548608, 36.164268],
            [128.549463, 36.16432],
            [128.550341, 36.164369],
            [128.55144, 36.16458],
            [128.551909, 36.164745],
            [128.55237, 36.164908],
            [128.552656, 36.165523],
            [128.552669, 36.165545],
            [128.552898, 36.165919],
            [128.553098, 36.166247],
            [128.553379, 36.166688],
            [128.553672, 36.167505],
            [128.553956, 36.168308],
            [128.553954, 36.168629],
            [128.553948, 36.169423],
            [128.553953, 36.17015],
            [128.55389, 36.171007],
            [128.5538, 36.172044],
            [128.554019, 36.172907],
            [128.554182, 36.173472],
            [128.554236, 36.173577],
            [128.554784, 36.174674],
            [128.555647, 36.175693],
            [128.556, 36.176109],
            [128.556879, 36.177175],
            [128.556839, 36.177202],
            [128.556817, 36.177216],
            [128.556491, 36.177436],
            [128.555991, 36.177758],
            [128.555153, 36.177804],
            [128.554138, 36.17806],
            [128.553931, 36.178112],
            [128.553633, 36.178053],
            [128.552936, 36.177916],
            [128.55165, 36.178117],
            [128.550795, 36.178148],
            [128.550408, 36.178154],
            [128.549935, 36.17805],
            [128.548828, 36.177811],
            [128.548738, 36.178454],
            [128.548736, 36.178988],
            [128.548735, 36.179235],
            [128.548734, 36.179401],
            [128.548646, 36.180012],
            [128.548643, 36.180036],
            [128.547881, 36.180841],
            [128.547878, 36.180844],
            [128.54736, 36.181028],
            [128.546181, 36.181446],
            [128.545965, 36.181522],
            [128.545915, 36.181644],
            [128.545833, 36.181845],
            [128.545764, 36.182012],
            [128.54573, 36.182096],
            [128.545659, 36.18208],
            [128.545506, 36.182468],
            [128.54544, 36.182755],
            [128.545249, 36.183511],
            [128.545104, 36.183832],
            [128.545034, 36.183907],
            [128.545003, 36.18394],
            [128.544968, 36.183979],
            [128.544347, 36.184227],
            [128.544274, 36.184256],
            [128.543861, 36.184422],
            [128.542891, 36.185043],
            [128.54279, 36.185342],
            [128.542806, 36.185582],
            [128.542827, 36.185879],
            [128.542847, 36.186172],
            [128.542552, 36.187049],
            [128.541587, 36.188687],
            [128.54115, 36.189273],
            [128.540879, 36.189637],
            [128.540794, 36.189707],
            [128.539618, 36.190685],
            [128.538842, 36.19133],
            [128.538716, 36.192382],
            [128.538714, 36.192399],
            [128.538053, 36.193223],
            [128.537338, 36.194115],
            [128.536983, 36.194513],
            [128.536943, 36.194559],
            [128.536919, 36.194585],
            [128.536772, 36.194751],
            [128.536612, 36.19493],
            [128.53661, 36.194933],
            [128.536517, 36.194975],
            [128.534734, 36.195774],
            [128.533882, 36.196156],
            [128.53364, 36.196264],
            [128.533, 36.19632],
            [128.532507, 36.196539],
            [128.531386, 36.197131],
            [128.531162, 36.197249],
            [128.52916, 36.197595],
            [128.528596, 36.197692],
            [128.528116, 36.197605],
            [128.527498, 36.197492],
            [128.527492, 36.197497],
            [128.527455, 36.19753],
            [128.527338, 36.197633],
            [128.527072, 36.197868],
            [128.526596, 36.198339],
            [128.526566, 36.198437],
            [128.526349, 36.199137],
            [128.526293, 36.199209],
            [128.526208, 36.199317],
            [128.525638, 36.200045],
            [128.525559, 36.200145],
            [128.525518, 36.200197],
            [128.525499, 36.200222],
            [128.52446, 36.20072],
            [128.523892, 36.200904],
            [128.523612, 36.200976],
            [128.523245, 36.201071],
            [128.522929, 36.20131],
            [128.522849, 36.20137],
            [128.522777, 36.201425],
            [128.5225, 36.201357],
            [128.521932, 36.200886],
            [128.521503, 36.200694],
            [128.521429, 36.200661],
            [128.521417, 36.200688],
            [128.521402, 36.200722],
            [128.521329, 36.200681],
            [128.521291, 36.200661],
            [128.521303, 36.200636],
            [128.521304, 36.200633],
            [128.521287, 36.200628],
            [128.5211, 36.200567],
            [128.521027, 36.200603],
            [128.52066, 36.200617],
            [128.5205, 36.200601],
            [128.520469, 36.200606],
            [128.519312, 36.200323],
            [128.518191, 36.200385],
            [128.517225, 36.199985],
            [128.517092, 36.199938],
            [128.516611, 36.19983],
            [128.516346, 36.19977],
            [128.516097, 36.199714],
            [128.516007, 36.199699],
            [128.515974, 36.199615],
            [128.515779, 36.199121],
            [128.51576, 36.19904],
            [128.515567, 36.198122],
            [128.515326, 36.196636],
            [128.515302, 36.196576],
            [128.515276, 36.196514],
            [128.514458, 36.194605],
            [128.514438, 36.194558],
            [128.51428, 36.19419],
            [128.514156, 36.193907],
            [128.513705, 36.192879],
            [128.513422, 36.192233],
            [128.513403, 36.192215],
            [128.513219, 36.192033],
            [128.513186, 36.192017],
            [128.511835, 36.191619],
            [128.511602, 36.191247],
            [128.510628, 36.189689],
            [128.510219, 36.188964],
            [128.509749, 36.188128],
            [128.509644, 36.188001],
            [128.509612, 36.187962],
            [128.509069, 36.187301],
            [128.508536, 36.186829],
            [128.507712, 36.186101],
            [128.507111, 36.185569],
            [128.506234, 36.185418],
            [128.505875, 36.185357],
            [128.505802, 36.185318],
            [128.505736, 36.185284],
            [128.505395, 36.185105],
            [128.505374, 36.185094],
            [128.504413, 36.185011],
            [128.504332, 36.185003],
            [128.502936, 36.184882],
            [128.502107, 36.185583],
            [128.501793, 36.186085],
            [128.501822, 36.186602],
            [128.501714, 36.187298],
            [128.501898, 36.188203],
            [128.501818, 36.188613],
            [128.501674, 36.189347],
            [128.501924, 36.189991],
            [128.501801, 36.19046],
            [128.501447, 36.19099],
            [128.501271, 36.191251],
            [128.501259, 36.19127],
            [128.500478, 36.191605],
            [128.500226, 36.191713],
            [128.499612, 36.192667],
            [128.499605, 36.194275],
            [128.498885, 36.195987],
            [128.498873, 36.196014],
            [128.49872, 36.196012],
            [128.496461, 36.195982],
            [128.496006, 36.196197],
            [128.495752, 36.196317],
            [128.495438, 36.196465],
            [128.494728, 36.197364],
            [128.494393, 36.197792],
            [128.494266, 36.198553],
            [128.493894, 36.198993],
            [128.493619, 36.200024],
            [128.493423, 36.200351],
            [128.493215, 36.200698],
            [128.493318, 36.20128],
            [128.493729, 36.20361],
            [128.493794, 36.203977],
            [128.494068, 36.206223],
            [128.493865, 36.206488],
            [128.493427, 36.207059],
            [128.493393, 36.207448],
            [128.493245, 36.209152],
            [128.493009, 36.209611],
            [128.492764, 36.210088],
            [128.492256, 36.210929],
            [128.492175, 36.211064],
            [128.492073, 36.211232],
            [128.492105, 36.211719],
            [128.492114, 36.211847],
            [128.49213, 36.21209],
            [128.492004, 36.21223],
            [128.491987, 36.212249],
            [128.491744, 36.212519],
            [128.491606, 36.212673],
            [128.49156, 36.212724],
            [128.489494, 36.21375],
            [128.489098, 36.214027],
            [128.488529, 36.214362],
            [128.488327, 36.214481],
            [128.487917, 36.214723],
            [128.487735, 36.215592],
            [128.48785, 36.215775],
            [128.488197, 36.216327],
            [128.488625, 36.216847],
            [128.488728, 36.217331],
            [128.488956, 36.217538],
            [128.489019, 36.217595],
            [128.488829, 36.217999],
            [128.488752, 36.218161],
            [128.488697, 36.218278],
            [128.489376, 36.219136],
            [128.489405, 36.219173],
            [128.489394, 36.219796],
            [128.4893, 36.219989],
            [128.489158, 36.220283],
            [128.489133, 36.220295],
            [128.488033, 36.220834],
            [128.488018, 36.220863],
            [128.487403, 36.221984],
            [128.487375, 36.222002],
            [128.486952, 36.222273],
            [128.485665, 36.223098],
            [128.485526, 36.223188],
            [128.485522, 36.223195],
            [128.485308, 36.223666],
            [128.485227, 36.223865],
            [128.485172, 36.223998],
            [128.485065, 36.224272],
            [128.48503, 36.224281],
            [128.484021, 36.22455],
            [128.483008, 36.224662],
            [128.48165, 36.223954],
            [128.48159, 36.223906],
            [128.481548, 36.223873],
            [128.481381, 36.223808],
            [128.481358, 36.223807],
            [128.481195, 36.223797],
            [128.481131, 36.223698],
            [128.481037, 36.223741],
            [128.481034, 36.223786],
            [128.481054, 36.223854],
            [128.480862, 36.223895],
            [128.480806, 36.223842],
            [128.480746, 36.223849],
            [128.480707, 36.223872],
            [128.480704, 36.223922],
            [128.480617, 36.223917],
            [128.480534, 36.223951],
            [128.480518, 36.223958],
            [128.480407, 36.224034],
            [128.480352, 36.224073],
            [128.48029, 36.224166],
            [128.480257, 36.224197],
            [128.480233, 36.224222],
            [128.480141, 36.224303],
            [128.480044, 36.224338],
            [128.479892, 36.224408],
            [128.479748, 36.224461],
            [128.479726, 36.224469],
            [128.479608, 36.224473],
            [128.479552, 36.224474],
            [128.47953, 36.224475],
            [128.479531, 36.224534],
            [128.479534, 36.224735],
            [128.479532, 36.225181],
            [128.479744, 36.225622],
            [128.48048, 36.226118],
            [128.480897, 36.226368],
            [128.481338, 36.226631],
            [128.481855, 36.226821],
            [128.482292, 36.227034],
            [128.482679, 36.227323],
            [128.483058, 36.227882],
            [128.483273, 36.228356],
            [128.483404, 36.228469],
            [128.483847, 36.228755],
            [128.483902, 36.22879],
            [128.484329, 36.229064],
            [128.484506, 36.229198],
            [128.484833, 36.229407],
            [128.484881, 36.229438],
            [128.484967, 36.229515],
            [128.485092, 36.229627],
            [128.48556, 36.230202],
            [128.485607, 36.23026],
            [128.485626, 36.23031],
            [128.485669, 36.230424],
            [128.485885, 36.230991],
            [128.485835, 36.231618],
            [128.485742, 36.231971],
            [128.48543, 36.23247],
            [128.485096, 36.233105],
            [128.485062, 36.233202],
            [128.485048, 36.233557],
            [128.485059, 36.233589],
            [128.485055, 36.233589],
            [128.484705, 36.233568],
            [128.484614, 36.233476],
            [128.484569, 36.233431],
            [128.484569, 36.23343],
            [128.484566, 36.233453],
            [128.484562, 36.233497],
            [128.484494, 36.233457],
            [128.484465, 36.23344],
            [128.484458, 36.233371],
            [128.484383, 36.233406],
            [128.484324, 36.233466],
            [128.48422, 36.23349],
            [128.4842, 36.233512],
            [128.484147, 36.233571],
            [128.484011, 36.233615],
            [128.483873, 36.233659],
            [128.483503, 36.233778],
            [128.482779, 36.234012],
            [128.480936, 36.234101],
            [128.480341, 36.234126],
            [128.479556, 36.234633],
            [128.479459, 36.234637],
            [128.47904, 36.234666],
            [128.47845, 36.234713],
            [128.476865, 36.233675],
            [128.476851, 36.233665],
            [128.476296, 36.233309],
            [128.47576, 36.232532],
            [128.475774, 36.231616],
            [128.474894, 36.231389],
            [128.474375, 36.230835],
            [128.473202, 36.230624],
            [128.472895, 36.230569],
            [128.4727, 36.230356],
            [128.471701, 36.229268],
            [128.471604, 36.229163],
            [128.470996, 36.22916],
            [128.4705, 36.229157],
            [128.469847, 36.229154],
            [128.469244, 36.229271],
            [128.468779, 36.229361],
            [128.468587, 36.229398],
            [128.468113, 36.22949],
            [128.468088, 36.229517],
            [128.467789, 36.229835],
            [128.467433, 36.230212],
            [128.46739, 36.230258],
            [128.467117, 36.23012],
            [128.466566, 36.229841],
            [128.465976, 36.229379],
            [128.4654, 36.228929],
            [128.465358, 36.228889],
            [128.464376, 36.228415],
            [128.463681, 36.22808],
            [128.462036, 36.226672],
            [128.462011, 36.226665],
            [128.461657, 36.226563],
            [128.461641, 36.226554],
            [128.461336, 36.226381],
            [128.461162, 36.226281],
            [128.460629, 36.226438],
            [128.460564, 36.226458],
            [128.45995, 36.226638],
            [128.459712, 36.226779],
            [128.459462, 36.226612],
            [128.459342, 36.226531],
            [128.458748, 36.226134],
            [128.458454, 36.226221],
            [128.458339, 36.226255],
            [128.458204, 36.226191],
            [128.456458, 36.225359],
            [128.45464, 36.224683],
            [128.454477, 36.224623],
            [128.453655, 36.22432],
            [128.453545, 36.224088],
            [128.453191, 36.223342],
            [128.452751, 36.222989],
            [128.451667, 36.222722],
            [128.451577, 36.2227],
            [128.451557, 36.222672],
            [128.451307, 36.222316],
            [128.450897, 36.221736],
            [128.450048, 36.221565],
            [128.448393, 36.221312],
            [128.447581, 36.221136],
            [128.446568, 36.220916],
            [128.446146, 36.22095],
            [128.445567, 36.220997],
            [128.445529, 36.221],
            [128.445288, 36.221165],
            [128.444916, 36.22142],
            [128.444525, 36.22137],
            [128.443865, 36.221221],
            [128.443695, 36.220997],
            [128.443454, 36.220679],
            [128.443362, 36.220002],
            [128.44257, 36.21976],
            [128.442234, 36.219157],
            [128.441429, 36.218847],
            [128.440945, 36.218358],
            [128.440008, 36.21959],
            [128.439641, 36.219947],
            [128.439064, 36.220509],
            [128.439061, 36.220512],
            [128.437848, 36.222751],
            [128.437649, 36.223788],
            [128.437627, 36.223904],
            [128.437664, 36.22521],
            [128.437769, 36.227096],
            [128.437223, 36.2279],
            [128.437118, 36.228055],
            [128.436979, 36.228228],
            [128.436587, 36.228717],
            [128.436236, 36.228924],
            [128.435838, 36.229166],
            [128.435318, 36.229535],
            [128.434986, 36.229939],
            [128.434533, 36.230505],
            [128.434475, 36.231066],
            [128.43451, 36.231499],
            [128.434512, 36.231514],
            [128.434534, 36.231682],
            [128.434558, 36.231864],
            [128.434561, 36.231887],
            [128.434438, 36.232732],
            [128.434336, 36.233521],
            [128.43431, 36.233615],
            [128.434272, 36.233704],
            [128.434238, 36.233786],
            [128.434182, 36.233919],
            [128.43402, 36.234302],
            [128.434008, 36.234332],
            [128.434002, 36.234346],
            [128.433757, 36.234466],
            [128.433478, 36.234601],
            [128.433306, 36.234685],
            [128.433152, 36.234764],
            [128.433134, 36.234778],
            [128.432407, 36.235336],
            [128.431367, 36.235627],
            [128.430477, 36.23614],
            [128.430169, 36.236317],
            [128.429712, 36.236238],
            [128.429245, 36.236158],
            [128.429243, 36.236159],
            [128.427872, 36.236473],
            [128.427545, 36.236548],
            [128.427395, 36.236582],
            [128.427375, 36.236568],
            [128.427209, 36.236449],
            [128.426834, 36.236182],
            [128.426815, 36.236181],
            [128.426215, 36.236171],
            [128.425907, 36.236165],
            [128.425448, 36.236157],
            [128.425332, 36.236216],
            [128.424935, 36.236419],
            [128.424037, 36.236878],
            [128.423795, 36.237001],
            [128.423813, 36.237385],
            [128.423623, 36.23777],
            [128.423492, 36.237965],
            [128.423312, 36.23823],
            [128.423541, 36.239201],
            [128.423495, 36.239574],
            [128.423491, 36.239601],
            [128.423539, 36.24008],
            [128.423567, 36.240362],
            [128.423994, 36.240685],
            [128.424155, 36.240807],
            [128.424128, 36.240919],
            [128.423891, 36.241928],
            [128.423884, 36.241957],
            [128.423877, 36.241989],
            [128.423816, 36.242249],
            [128.421658, 36.242761],
            [128.420534, 36.243831],
            [128.420291, 36.243994],
            [128.419698, 36.244392],
            [128.419424, 36.244576],
            [128.417653, 36.245857],
            [128.41765, 36.245892],
            [128.417464, 36.247706],
            [128.41744, 36.247937],
            [128.417442, 36.247943],
            [128.4178, 36.249196],
            [128.417876, 36.249386],
            [128.418799, 36.251697],
            [128.420175, 36.252059],
            [128.42013, 36.252831],
            [128.420098, 36.253377],
            [128.420074, 36.253779],
            [128.419607, 36.25468],
            [128.419499, 36.2549],
            [128.419248, 36.255419],
            [128.419226, 36.255463],
            [128.417296, 36.256388],
            [128.417176, 36.256445],
            [128.416652, 36.256835],
            [128.416498, 36.257114],
            [128.416463, 36.257197],
            [128.416425, 36.257152],
            [128.416211, 36.25761],
            [128.416185, 36.257666],
            [128.416174, 36.257688],
            [128.416897, 36.257828],
            [128.418558, 36.258149],
            [128.418709, 36.258178],
            [128.419584, 36.258898],
            [128.41987, 36.259132],
            [128.420578, 36.259715],
            [128.420884, 36.260387],
            [128.420966, 36.260566],
            [128.42097, 36.260574],
            [128.421556, 36.26186],
            [128.421028, 36.264117],
            [128.420944, 36.264826],
            [128.42092, 36.265032],
            [128.42081, 36.26573],
            [128.420737, 36.266194],
            [128.420752, 36.266289],
            [128.420765, 36.266367],
            [128.420941, 36.266945],
            [128.421116, 36.267558],
            [128.421144, 36.267648],
            [128.421147, 36.267685],
            [128.421396, 36.268049],
            [128.422146, 36.269144],
            [128.422581, 36.269779],
            [128.423969, 36.270962],
            [128.42468, 36.270841],
            [128.424686, 36.270881],
            [128.424794, 36.271546],
            [128.424802, 36.271594],
            [128.424866, 36.271992],
            [128.42507, 36.272335],
            [128.425106, 36.272354],
            [128.425653, 36.272647],
            [128.425734, 36.272691],
            [128.426268, 36.2733],
            [128.426306, 36.273503],
            [128.426512, 36.274631],
            [128.426437, 36.275413],
            [128.425827, 36.276082],
            [128.425856, 36.276377],
            [128.425868, 36.276496],
            [128.42541, 36.276692],
            [128.424073, 36.27783],
            [128.421733, 36.278637],
            [128.421501, 36.27955],
            [128.419221, 36.28006],
            [128.418457, 36.280312],
            [128.416539, 36.28245],
            [128.416403, 36.282601],
            [128.416004, 36.282414],
            [128.415268, 36.28207],
            [128.415127, 36.282132],
            [128.413843, 36.282698],
            [128.41352, 36.282886],
            [128.413517, 36.282888],
            [128.413497, 36.283093],
            [128.413439, 36.283671],
            [128.41331, 36.284122],
            [128.413287, 36.284201],
            [128.413271, 36.284258],
            [128.412598, 36.285043],
            [128.411884, 36.285448],
            [128.411442, 36.285698],
            [128.41142, 36.285741],
            [128.411131, 36.286293],
            [128.411001, 36.286458],
            [128.410477, 36.287118],
            [128.41045, 36.287177],
            [128.410439, 36.287201],
            [128.41061, 36.28746],
            [128.410659, 36.287534],
            [128.411161, 36.288254],
            [128.413573, 36.2906],
            [128.413898, 36.291275],
            [128.413732, 36.29176],
            [128.413213, 36.29222],
            [128.41304, 36.292868],
            [128.412823, 36.293687],
            [128.412828, 36.293692],
            [128.413197, 36.294041],
            [128.413527, 36.294501],
            [128.413793, 36.294873],
            [128.414001, 36.295685],
            [128.414144, 36.296066],
            [128.415159, 36.297075],
            [128.415407, 36.297322],
            [128.416181, 36.29791],
            [128.416241, 36.297955],
            [128.416243, 36.297957],
            [128.416258, 36.297998],
            [128.41651, 36.298719],
            [128.416921, 36.298904],
            [128.417598, 36.299209],
            [128.417759, 36.299282],
            [128.417777, 36.299266],
            [128.41788, 36.299178],
            [128.417927, 36.299137],
            [128.418017, 36.299059],
            [128.418162, 36.299061],
            [128.418564, 36.299066],
            [128.418772, 36.299068],
            [128.419816, 36.299162],
            [128.420034, 36.299046],
            [128.420663, 36.298708],
            [128.420679, 36.298697],
            [128.420738, 36.298652],
            [128.42112, 36.298365],
            [128.421901, 36.298563],
            [128.422672, 36.298758],
            [128.422805, 36.298771],
            [128.423764, 36.298858],
            [128.423908, 36.298817],
            [128.424351, 36.298689],
            [128.424736, 36.298578],
            [128.425289, 36.298987],
            [128.425486, 36.299133],
            [128.425487, 36.299134],
            [128.42574, 36.299111],
            [128.42789, 36.298915],
            [128.427999, 36.299007],
            [128.428411, 36.299356],
            [128.42941, 36.300204],
            [128.429586, 36.30032],
            [128.429803, 36.300474],
            [128.429825, 36.300491],
            [128.429927, 36.3006],
            [128.429968, 36.300644],
            [128.430957, 36.301707],
            [128.431053, 36.30181],
            [128.431076, 36.301834],
            [128.431849, 36.302644],
            [128.43185, 36.302662],
            [128.431867, 36.303042],
            [128.431882, 36.30349],
            [128.431889, 36.303688],
            [128.431905, 36.304066],
            [128.431923, 36.304389],
            [128.431933, 36.304398],
            [128.431969, 36.304429],
            [128.432111, 36.304552],
            [128.432592, 36.304911],
            [128.433399, 36.305377],
            [128.433531, 36.305406],
            [128.433574, 36.305415],
            [128.433706, 36.30545],
            [128.434591, 36.305683],
            [128.434607, 36.305687],
            [128.434621, 36.305681],
            [128.435189, 36.305422],
            [128.435374, 36.305367],
            [128.435656, 36.305176],
            [128.436185, 36.304426],
            [128.437326, 36.30432],
            [128.437437, 36.304405],
            [128.43767, 36.304582],
            [128.438047, 36.304869],
            [128.438501, 36.305091],
            [128.438524, 36.305102],
            [128.438539, 36.305132],
            [128.438553, 36.305161],
            [128.438929, 36.305949],
            [128.438652, 36.306565],
            [128.438495, 36.306914],
            [128.438486, 36.306934],
            [128.43849, 36.306947],
            [128.438629, 36.307355],
            [128.438764, 36.307753],
            [128.438863, 36.308043],
            [128.438866, 36.308053],
            [128.438745, 36.308436],
            [128.438709, 36.308549],
            [128.438667, 36.308683],
            [128.438725, 36.308925],
            [128.43889, 36.309614],
            [128.438943, 36.309832],
            [128.438793, 36.309882],
            [128.438677, 36.309921],
            [128.43864, 36.309933],
            [128.438383, 36.31018],
            [128.438567, 36.310417],
            [128.439055, 36.311043],
            [128.439041, 36.311403],
            [128.439023, 36.311855],
            [128.439027, 36.311865],
            [128.439048, 36.311918],
            [128.439207, 36.312313],
            [128.439209, 36.31232],
            [128.439174, 36.312362],
            [128.439048, 36.312512],
            [128.438874, 36.312718],
            [128.43882, 36.312782],
            [128.438813, 36.313351],
            [128.438355, 36.313791],
            [128.43804, 36.314042],
            [128.438043, 36.314045],
            [128.438059, 36.314064],
            [128.438137, 36.31415],
            [128.438187, 36.314206],
            [128.438611, 36.314676],
            [128.438794, 36.314809],
            [128.439743, 36.315395],
            [128.440191, 36.315756],
            [128.441993, 36.31597],
            [128.442776, 36.316471],
            [128.443384, 36.31686],
            [128.444269, 36.317778],
            [128.445113, 36.318397],
            [128.44529, 36.319631],
            [128.445655, 36.320076],
            [128.445975, 36.320413],
            [128.44631, 36.320774],
            [128.446991, 36.321648],
            [128.447044, 36.322689],
            [128.447253, 36.322837],
            [128.447445, 36.322974],
            [128.447751, 36.323192],
            [128.448191, 36.323577],
            [128.448424, 36.323532],
            [128.449114, 36.323399],
            [128.44922, 36.323477],
            [128.449538, 36.32371],
            [128.45102, 36.324795],
            [128.450724, 36.325607],
            [128.450718, 36.325625],
            [128.450688, 36.325707],
            [128.450665, 36.32577],
            [128.450711, 36.325838],
            [128.450794, 36.325962],
            [128.450849, 36.326044],
            [128.451364, 36.32681],
            [128.451381, 36.326834],
            [128.451485, 36.326987],
            [128.451614, 36.327177],
            [128.451629, 36.327199],
            [128.45259, 36.326971],
            [128.45265, 36.326957],
            [128.453063, 36.326835],
            [128.453394, 36.326999],
            [128.453846, 36.327222],
            [128.453874, 36.327236],
            [128.455442, 36.326885],
            [128.455436, 36.326799],
            [128.455427, 36.326671],
            [128.455392, 36.326184],
            [128.455422, 36.326026],
            [128.45545, 36.325401],
            [128.455756, 36.325018],
            [128.456184, 36.324911],
            [128.457636, 36.324598],
            [128.457846, 36.324446],
            [128.457956, 36.324366],
            [128.457999, 36.324335],
            [128.458014, 36.324324],
            [128.458055, 36.324294],
            [128.458239, 36.32416],
            [128.459126, 36.324178],
            [128.460094, 36.324197],
            [128.460145, 36.324199],
            [128.460184, 36.324147],
            [128.460194, 36.324134],
            [128.460237, 36.324077],
            [128.460831, 36.323361],
            [128.460937, 36.323332],
            [128.461646, 36.323137],
            [128.462087, 36.322975],
            [128.462229, 36.322922],
            [128.462332, 36.322884],
            [128.462416, 36.32283],
            [128.462501, 36.322775],
            [128.462607, 36.322766],
            [128.462624, 36.322764],
            [128.462877, 36.322751],
            [128.464229, 36.322678],
            [128.464556, 36.322666],
            [128.464785, 36.322569],
            [128.464908, 36.322516],
            [128.4658, 36.322136],
            [128.466142, 36.321977],
            [128.466399, 36.321858],
            [128.467093, 36.321902],
            [128.467166, 36.321906],
            [128.467554, 36.321931],
            [128.46789, 36.321879],
            [128.468579, 36.321798],
            [128.46863, 36.321751],
            [128.469551, 36.320908],
            [128.469271, 36.320678],
            [128.469324, 36.320642],
            [128.469792, 36.320331],
            [128.469925, 36.320243],
            [128.469926, 36.320243],
            [128.470113, 36.320118],
            [128.470115, 36.320117],
            [128.470255, 36.320237],
            [128.470642, 36.320573],
            [128.471021, 36.320915],
            [128.471033, 36.320926],
            [128.471105, 36.320858],
            [128.471138, 36.320829],
            [128.47119, 36.32079],
            [128.471216, 36.320766],
            [128.471232, 36.320754],
            [128.471256, 36.320787],
            [128.471328, 36.320739],
            [128.471375, 36.320647],
            [128.471389, 36.320593],
            [128.471405, 36.320556],
            [128.471398, 36.320489],
            [128.471329, 36.320437],
            [128.471241, 36.320408],
            [128.471266, 36.320352],
            [128.471259, 36.320328],
            [128.471276, 36.320292],
            [128.471324, 36.320257],
            [128.471368, 36.320202],
            [128.471411, 36.320115],
            [128.471446, 36.320002],
            [128.471354, 36.319971],
            [128.471388, 36.319905],
            [128.471437, 36.319825],
            [128.471462, 36.319729],
            [128.471484, 36.31965],
            [128.471495, 36.319619],
            [128.471527, 36.319536],
            [128.471624, 36.319393],
            [128.47167, 36.319333],
            [128.471692, 36.319274],
            [128.471734, 36.319241],
            [128.471762, 36.319236],
            [128.471804, 36.319209],
            [128.471834, 36.319165],
            [128.471846, 36.319098],
            [128.471869, 36.31904],
            [128.471879, 36.318995],
            [128.471876, 36.318985],
            [128.471859, 36.318934],
            [128.471856, 36.318924],
            [128.471818, 36.318878],
            [128.471805, 36.318854],
            [128.471807, 36.318709],
            [128.471819, 36.318662],
            [128.471835, 36.318647],
            [128.471841, 36.318647],
            [128.471867, 36.318644],
            [128.471929, 36.318604],
            [128.472035, 36.31857],
            [128.472075, 36.318557],
            [128.472122, 36.318548],
            [128.47216, 36.318506],
            [128.472166, 36.318504],
            [128.472203, 36.318488],
            [128.47228, 36.31849],
            [128.472299, 36.318505],
            [128.472316, 36.318517],
            [128.472398, 36.318533],
            [128.472497, 36.31852],
            [128.472589, 36.318458],
            [128.472745, 36.318353],
            [128.472876, 36.318315],
            [128.472927, 36.31817],
            [128.472961, 36.318153],
            [128.47301, 36.318129],
            [128.473014, 36.318127],
            [128.473076, 36.318104],
            [128.473154, 36.318075],
            [128.473365, 36.317997],
            [128.473506, 36.317946],
            [128.473501, 36.317922],
            [128.473335, 36.317196],
            [128.473317, 36.317114],
            [128.473193, 36.31651],
            [128.473171, 36.316316],
            [128.473147, 36.316117],
            [128.473139, 36.316059],
            [128.473103, 36.315802],
            [128.473088, 36.315672],
            [128.473177, 36.315313],
            [128.47333, 36.31469],
            [128.473425, 36.314296],
            [128.473398, 36.31368],
            [128.47339, 36.313627],
            [128.473264, 36.312732],
            [128.473185, 36.312177],
            [128.473208, 36.312165],
            [128.473731, 36.311876],
            [128.473879, 36.311794],
            [128.474067, 36.31169],
            [128.474169, 36.311691],
            [128.474199, 36.311691],
            [128.474977, 36.311695],
            [128.475118, 36.311696],
            [128.475312, 36.311733],
            [128.475367, 36.311743],
            [128.475418, 36.311737],
            [128.475694, 36.3117],
            [128.475698, 36.3117],
            [128.475806, 36.311623],
            [128.476176, 36.311361],
            [128.476742, 36.311489],
            [128.476743, 36.311489],
            [128.476744, 36.311488],
            [128.476752, 36.311481],
            [128.476815, 36.311429],
            [128.47759, 36.311084],
            [128.478036, 36.311058],
            [128.478905, 36.311032],
            [128.478912, 36.311032],
            [128.479126, 36.311025],
            [128.479131, 36.31102],
            [128.479152, 36.310997],
            [128.479156, 36.310993],
            [128.479248, 36.310893],
            [128.479342, 36.310791],
            [128.479345, 36.310787],
            [128.479402, 36.310725],
            [128.479472, 36.310618],
            [128.479484, 36.310561],
            [128.479493, 36.31052],
            [128.479649, 36.310074],
            [128.479654, 36.310059],
            [128.480727, 36.309796],
            [128.480876, 36.30976],
            [128.482579, 36.308832],
            [128.482597, 36.308822],
            [128.482654, 36.308791],
            [128.482975, 36.308446],
            [128.483478, 36.307905],
            [128.483536, 36.307842],
            [128.484265, 36.307544],
            [128.484327, 36.307519],
            [128.484405, 36.307487],
            [128.484682, 36.307532],
            [128.485597, 36.307682],
            [128.485677, 36.307696],
            [128.486188, 36.308126],
            [128.487234, 36.307942],
            [128.487335, 36.307944],
            [128.487729, 36.30811],
            [128.487842, 36.308045],
            [128.487883, 36.308021],
            [128.488733, 36.307531],
            [128.489102, 36.307288],
            [128.489293, 36.307099],
            [128.489404, 36.306988],
            [128.489673, 36.306713],
            [128.490116, 36.306259],
            [128.490363, 36.30602],
            [128.490653, 36.304933],
            [128.490845, 36.304349],
            [128.491154, 36.304027],
            [128.491224, 36.304063],
            [128.492175, 36.304559],
            [128.492202, 36.304564],
            [128.493037, 36.30471],
            [128.493483, 36.304587],
            [128.493851, 36.304484],
            [128.493917, 36.304448],
            [128.494603, 36.304056],
            [128.49619, 36.303494],
            [128.496438, 36.30295],
            [128.496516, 36.302963],
            [128.496598, 36.302976],
            [128.497322, 36.303092],
            [128.497349, 36.303095],
            [128.497637, 36.303142],
            [128.498089, 36.303327],
            [128.49825, 36.303393],
            [128.498255, 36.303394],
            [128.500243, 36.303786],
            [128.500273, 36.303785],
            [128.500938, 36.303777],
            [128.5022, 36.30376],
            [128.503208, 36.303446],
            [128.503498, 36.303382],
            [128.503689, 36.30334],
            [128.503726, 36.303322],
            [128.503913, 36.303231],
            [128.506566, 36.303351],
            [128.507017, 36.303631],
            [128.507022, 36.303646],
            [128.507335, 36.303578],
            [128.507863, 36.303462],
            [128.508235, 36.30338],
            [128.508513, 36.303319],
            [128.508906, 36.302498],
            [128.509055, 36.302186],
            [128.509099, 36.302205],
            [128.509109, 36.302192],
            [128.509139, 36.302152],
            [128.509184, 36.302111],
            [128.510348, 36.301041],
            [128.510601, 36.30082],
            [128.510731, 36.300707],
            [128.510744, 36.300695],
            [128.510777, 36.300667],
            [128.510786, 36.300672],
            [128.511743, 36.301228],
            [128.511782, 36.301238],
            [128.511864, 36.30126],
            [128.511988, 36.301302],
            [128.511989, 36.301303],
            [128.512063, 36.301328],
            [128.512065, 36.301328],
            [128.512067, 36.301327],
            [128.512145, 36.301296],
            [128.51267, 36.301088],
            [128.513155, 36.300896],
            [128.513212, 36.300874],
            [128.513652, 36.301015],
            [128.514308, 36.301188],
            [128.515034, 36.301986],
            [128.515042, 36.301994],
            [128.515057, 36.302011],
            [128.515894, 36.301826],
            [128.515911, 36.301822],
            [128.516233, 36.301839],
            [128.517786, 36.30192],
            [128.518041, 36.301934],
            [128.518049, 36.301934],
            [128.518055, 36.301924],
            [128.518659, 36.301018],
            [128.518968, 36.300758],
            [128.519605, 36.300251],
            [128.519681, 36.300238],
            [128.520368, 36.30012],
            [128.520532, 36.300091],
            [128.520573, 36.300084],
            [128.521715, 36.300464],
            [128.521812, 36.300496],
            [128.522259, 36.300201],
            [128.523172, 36.299598],
            [128.524277, 36.299831],
            [128.524537, 36.299886],
            [128.524841, 36.29995],
            [128.524954, 36.299974],
            [128.525788, 36.299375],
            [128.525882, 36.299308],
            [128.525983, 36.299104],
            [128.526182, 36.298703],
            [128.526537, 36.297988],
            [128.526546, 36.29748],
            [128.526554, 36.29708],
            [128.526617, 36.29702],
            [128.527232, 36.296446],
            [128.527909, 36.295766],
            [128.528331, 36.295343],
            [128.528487, 36.295188],
            [128.529264, 36.293872],
            [128.529316, 36.293784],
            [128.529724, 36.293815],
            [128.529935, 36.293831],
            [128.530364, 36.294005],
            [128.531689, 36.294447],
            [128.532048, 36.294599],
            [128.532546, 36.294809],
            [128.532624, 36.294859],
            [128.532709, 36.294883],
            [128.53306, 36.294985],
            [128.533179, 36.295037],
            [128.533248, 36.295067],
            [128.533323, 36.2951],
            [128.533347, 36.295097],
            [128.53352, 36.295077],
            [128.533791, 36.295053],
            [128.533808, 36.295058],
            [128.534303, 36.295221],
            [128.534675, 36.295343],
            [128.535113, 36.29555],
            [128.53562, 36.295801],
            [128.535644, 36.295813],
            [128.535669, 36.295825],
            [128.535674, 36.29582],
            [128.535907, 36.295562],
            [128.536126, 36.294851],
            [128.536218, 36.294826],
            [128.536488, 36.294753],
            [128.537536, 36.29447],
            [128.538425, 36.294351],
            [128.53852, 36.294372],
            [128.538596, 36.294415],
            [128.538969, 36.294625],
            [128.539749, 36.294753],
            [128.540947, 36.294388],
            [128.541648, 36.29416],
            [128.542798, 36.293886],
            [128.542808, 36.293868],
            [128.543043, 36.293428],
            [128.543225, 36.293108],
            [128.543318, 36.292965],
            [128.543331, 36.292959],
            [128.544037, 36.292629],
            [128.545514, 36.291953],
            [128.545504, 36.291926],
            [128.545457, 36.291806],
            [128.545441, 36.2917],
            [128.545269, 36.290574],
            [128.545408, 36.290488],
            [128.545562, 36.290393],
            [128.545658, 36.290129],
            [128.545667, 36.290102],
            [128.54732, 36.289397],
            [128.547484, 36.289151],
            [128.547673, 36.288855],
            [128.547776, 36.288695],
            [128.547856, 36.288329],
            [128.547925, 36.288024],
            [128.548004, 36.287668],
            [128.548007, 36.287634],
            [128.548058, 36.286912],
            [128.548141, 36.286877],
            [128.548552, 36.286706],
            [128.548816, 36.286285],
            [128.548958, 36.286058],
            [128.548956, 36.286043],
            [128.548943, 36.285968],
            [128.548869, 36.285546],
            [128.548859, 36.285495],
            [128.548752, 36.28471],
            [128.548836, 36.284674],
            [128.549865, 36.284241],
            [128.549852, 36.283972],
            [128.549793, 36.282683],
            [128.54983, 36.282397],
            [128.549956, 36.281421],
            [128.549957, 36.281109],
            [128.549944, 36.280879],
            [128.549931, 36.280654],
            [128.549914, 36.280423],
            [128.549901, 36.280268],
            [128.549869, 36.279873],
            [128.549916, 36.279376],
            [128.550938, 36.278551],
            [128.551965, 36.27802],
            [128.551785, 36.277751],
            [128.551586, 36.277452],
            [128.551639, 36.277288],
            [128.551827, 36.276703],
            [128.551803, 36.276623],
            [128.551739, 36.27643],
            [128.551689, 36.276277],
            [128.551702, 36.276155],
            [128.551777, 36.27548],
            [128.551827, 36.275029],
            [128.551908, 36.274988],
            [128.551926, 36.274979],
            [128.551982, 36.27495],
            [128.552751, 36.274561],
            [128.553692, 36.274329],
            [128.554831, 36.275106],
            [128.555182, 36.274713],
            [128.55534, 36.274539],
            [128.555465, 36.2744],
            [128.555621, 36.274228],
            [128.55568, 36.274223],
            [128.55694, 36.274118],
            [128.557558, 36.274066],
            [128.558636, 36.274559],
            [128.558674, 36.274598],
            [128.558828, 36.274616],
            [128.558849, 36.274672],
            [128.559027, 36.274857],
            [128.559165, 36.274998],
            [128.559323, 36.275096],
            [128.559276, 36.275143],
            [128.559319, 36.27516],
            [128.55938, 36.275184],
            [128.559399, 36.275149],
            [128.559438, 36.27515],
            [128.559486, 36.275151],
            [128.559641, 36.275185],
            [128.559687, 36.27518],
            [128.559737, 36.275198],
            [128.559779, 36.275266],
            [128.559755, 36.275319],
            [128.559832, 36.275362],
            [128.559859, 36.275385],
            [128.559876, 36.275399],
            [128.559879, 36.275395],
            [128.559908, 36.275362],
            [128.559943, 36.275327],
            [128.559952, 36.275333],
            [128.559939, 36.275362],
            [128.559924, 36.275403],
            [128.560205, 36.275552],
            [128.560645, 36.275547],
            [128.560656, 36.275546],
            [128.561492, 36.275443],
            [128.562414, 36.275386],
            [128.562726, 36.275392],
            [128.562725, 36.275399],
            [128.562725, 36.275405],
            [128.56274, 36.275423],
            [128.562757, 36.275442],
            [128.562735, 36.275466],
            [128.562741, 36.275489],
            [128.562696, 36.275524],
            [128.56268, 36.275531],
            [128.562781, 36.27553],
            [128.562806, 36.275512],
            [128.562813, 36.275502],
            [128.562857, 36.275437],
            [128.562891, 36.275421],
            [128.562932, 36.275376],
            [128.562957, 36.275361],
            [128.56307, 36.27533],
            [128.563137, 36.275328],
            [128.563177, 36.275338],
            [128.563239, 36.275355],
            [128.563259, 36.275359],
            [128.563294, 36.275354],
            [128.563357, 36.275422],
            [128.563332, 36.275537],
            [128.563327, 36.275563],
            [128.56332, 36.275625],
            [128.56331, 36.275716],
            [128.563316, 36.275784],
            [128.563341, 36.275845],
            [128.563354, 36.275839],
            [128.563561, 36.275753],
            [128.56383, 36.275661],
            [128.564246, 36.275518],
            [128.56443, 36.275471],
            [128.565054, 36.275159],
            [128.56531, 36.275029],
            [128.565971, 36.274457],
            [128.566164, 36.274394],
            [128.566305, 36.274348],
            [128.566641, 36.274239],
            [128.566643, 36.274249],
            [128.566654, 36.274289],
            [128.56666, 36.274312],
            [128.56668, 36.274285],
            [128.566707, 36.274247],
            [128.566754, 36.274214],
            [128.567121, 36.274298],
            [128.5679, 36.274476],
            [128.568501, 36.274419],
            [128.569058, 36.27451],
            [128.569441, 36.274577],
            [128.569794, 36.274639],
            [128.569958, 36.274659],
            [128.570565, 36.274865],
            [128.570726, 36.27492],
            [128.571254, 36.275097],
            [128.57145, 36.275209],
            [128.571498, 36.275236],
            [128.571706, 36.275354],
            [128.571718, 36.275361],
            [128.571683, 36.275486],
            [128.571586, 36.275839],
            [128.571547, 36.275984],
            [128.571546, 36.275988],
            [128.57154, 36.276008],
            [128.571536, 36.276024],
            [128.573185, 36.276511],
            [128.573585, 36.276858],
            [128.573969, 36.277321],
            [128.573992, 36.277349],
            [128.574123, 36.278184],
            [128.574135, 36.278264],
            [128.574155, 36.278386],
            [128.574159, 36.278417],
            [128.575146, 36.279001],
            [128.575419, 36.279162],
            [128.575509, 36.279339],
            [128.575813, 36.279933],
            [128.576678, 36.279801],
            [128.576979, 36.279789],
            [128.577067, 36.279785],
            [128.577131, 36.279781],
            [128.577146, 36.279779],
            [128.577336, 36.279775],
            [128.577401, 36.279744],
            [128.577411, 36.279739],
            [128.577454, 36.279741],
            [128.57746, 36.279763],
            [128.577524, 36.279762],
            [128.577617, 36.279733],
            [128.57808, 36.279777],
            [128.578583, 36.279726],
            [128.578628, 36.279724],
            [128.578675, 36.279737],
            [128.578728, 36.279752],
            [128.57882, 36.279643],
            [128.578958, 36.279623],
            [128.57894, 36.279574],
            [128.578954, 36.279573],
            [128.578959, 36.279573],
            [128.579005, 36.279557],
            [128.579078, 36.279525],
            [128.579157, 36.279494],
            [128.579193, 36.279478],
            [128.579204, 36.279473],
            [128.579214, 36.279469],
            [128.579216, 36.279469],
            [128.579266, 36.279465],
            [128.579275, 36.279465],
            [128.579309, 36.27948],
            [128.579391, 36.279432],
            [128.57944, 36.279427],
            [128.579463, 36.279418],
            [128.57952, 36.279393],
            [128.57958, 36.279365],
            [128.579714, 36.279336],
            [128.579798, 36.27933],
            [128.579862, 36.279326],
            [128.579983, 36.279356],
            [128.580059, 36.279342],
            [128.580082, 36.279303],
            [128.580172, 36.279331],
            [128.580232, 36.279348],
            [128.580436, 36.279421],
            [128.580522, 36.279453],
            [128.580589, 36.279486],
            [128.580628, 36.279505],
            [128.580691, 36.279486],
            [128.580739, 36.279469],
            [128.580766, 36.279459],
            [128.580785, 36.279452],
            [128.580816, 36.279445],
            [128.580823, 36.279447],
            [128.580842, 36.279453],
            [128.580894, 36.279443],
            [128.580972, 36.279429],
            [128.580979, 36.279428],
            [128.580985, 36.279426],
            [128.580995, 36.279424],
            [128.581223, 36.279372],
            [128.581224, 36.279381],
            [128.581248, 36.279582],
            [128.581308, 36.279572],
            [128.581389, 36.279583],
            [128.581549, 36.279613],
            [128.581663, 36.279669],
            [128.581762, 36.279624],
            [128.581706, 36.279607],
            [128.581695, 36.279567],
            [128.581565, 36.279559],
            [128.581465, 36.27955],
            [128.581409, 36.279501],
            [128.58143, 36.279446],
            [128.581479, 36.279421],
            [128.581489, 36.279353],
            [128.58159, 36.279282],
            [128.581675, 36.279277],
            [128.581666, 36.279222],
            [128.581665, 36.279217],
            [128.581684, 36.279213],
            [128.58175, 36.279199],
            [128.581758, 36.279177],
            [128.581789, 36.279084],
            [128.581917, 36.279068],
            [128.582026, 36.279045],
            [128.582214, 36.279065],
            [128.582372, 36.279081],
            [128.582446, 36.279089],
            [128.582465, 36.279087],
            [128.582482, 36.279086],
            [128.582525, 36.279083],
            [128.582568, 36.279079],
            [128.582638, 36.279063],
            [128.582659, 36.279059],
            [128.582717, 36.279041],
            [128.582723, 36.27904],
            [128.582766, 36.279015],
            [128.582866, 36.278946],
            [128.583232, 36.278695],
            [128.583285, 36.278657],
            [128.583348, 36.278665],
            [128.583402, 36.278657],
            [128.583541, 36.27869],
            [128.583584, 36.2787],
            [128.58371, 36.278713],
            [128.58372, 36.278714],
            [128.583912, 36.278748],
            [128.583999, 36.278763],
            [128.584233, 36.278748],
            [128.584506, 36.278683],
            [128.584543, 36.278674],
            [128.58472, 36.278639],
            [128.584816, 36.278639],
            [128.584864, 36.278646],
            [128.584919, 36.27865],
            [128.584985, 36.278654],
            [128.585181, 36.278469],
            [128.585442, 36.278223],
            [128.585529, 36.278228],
            [128.585824, 36.278242],
            [128.586274, 36.278267],
            [128.586449, 36.278328],
            [128.586471, 36.278336],
            [128.586776, 36.278445],
            [128.586832, 36.278437],
            [128.587698, 36.278306],
            [128.588044, 36.278098],
            [128.588708, 36.277698],
            [128.588815, 36.277277],
            [128.588892, 36.277279],
            [128.589062, 36.277283],
            [128.589463, 36.277291],
            [128.589584, 36.277294],
            [128.590656, 36.277134],
            [128.590672, 36.277143],
            [128.59148, 36.277612],
            [128.591491, 36.277609],
            [128.591538, 36.277596],
            [128.592342, 36.277376],
            [128.592381, 36.277359],
            [128.593023, 36.277086],
            [128.594073, 36.277527],
            [128.594501, 36.277719],
            [128.59454, 36.277682],
            [128.594545, 36.277677],
            [128.594629, 36.277597],
            [128.594653, 36.277576],
            [128.595595, 36.277045],
            [128.596121, 36.276198],
            [128.596431, 36.275698],
            [128.596512, 36.275543],
            [128.596507, 36.275531],
            [128.596735, 36.273937],
            [128.596804, 36.27388],
            [128.597498, 36.273316],
            [128.597719, 36.272736],
            [128.597678, 36.27265],
            [128.597498, 36.27227],
            [128.597463, 36.272052],
            [128.597415, 36.271751],
            [128.597622, 36.271346],
            [128.59763, 36.27133],
            [128.597681, 36.271305],
            [128.597687, 36.271302],
            [128.597702, 36.271295],
            [128.597704, 36.271294],
            [128.598201, 36.271061],
            [128.59915, 36.270615],
            [128.599419, 36.270489],
            [128.59946, 36.270481],
            [128.60007, 36.270352],
            [128.600239, 36.270317],
            [128.600762, 36.270423],
            [128.600799, 36.270431],
            [128.601747, 36.270069],
            [128.601786, 36.270057],
            [128.603367, 36.269931],
            [128.604133, 36.270072],
            [128.605106, 36.270251],
            [128.605549, 36.270481],
            [128.606775, 36.271127],
            [128.608684, 36.271113],
            [128.608864, 36.271191],
            [128.608907, 36.271209],
            [128.608937, 36.271198],
            [128.608973, 36.271184],
            [128.609763, 36.270884],
            [128.61024, 36.270703],
            [128.610373, 36.270695],
            [128.610593, 36.27068],
            [128.611071, 36.270426],
            [128.611301, 36.270303],
            [128.611606, 36.270141],
            [128.611917, 36.270073],
            [128.612211, 36.270008],
            [128.612813, 36.269874],
            [128.613414, 36.269741],
            [128.613545, 36.269712],
            [128.614694, 36.26868],
            [128.614997, 36.268417],
            [128.615063, 36.268309],
            [128.615284, 36.267947],
            [128.616307, 36.267351],
            [128.616342, 36.267356],
            [128.616548, 36.26738],
            [128.616594, 36.267386],
            [128.616997, 36.267434],
            [128.617066, 36.267442],
            [128.617507, 36.267495],
            [128.617554, 36.267498],
            [128.617986, 36.267661],
            [128.618665, 36.267909],
            [128.619004, 36.268033],
            [128.619596, 36.268102],
            [128.619608, 36.268103],
            [128.620009, 36.26794],
            [128.62063, 36.267477],
            [128.620653, 36.26746],
            [128.621043, 36.26736],
            [128.62123, 36.267312],
            [128.621308, 36.267292],
            [128.622283, 36.267238],
            [128.622514, 36.267225],
            [128.622658, 36.267212],
            [128.623043, 36.267175],
            [128.623328, 36.267118],
            [128.623399, 36.267103],
            [128.623746, 36.26703],
            [128.623752, 36.267028],
            [128.623928, 36.266942],
            [128.623997, 36.266908],
            [128.624014, 36.266901],
            [128.624469, 36.266728],
            [128.624483, 36.266723],
            [128.624817, 36.266543],
            [128.62495, 36.266472],
            [128.625036, 36.266425],
            [128.625616, 36.266066],
            [128.625894, 36.265769],
            [128.625967, 36.265691],
            [128.626047, 36.265605],
            [128.626062, 36.265589],
            [128.626832, 36.265297],
            [128.627018, 36.265227],
            [128.627044, 36.265199],
            [128.627315, 36.264916],
            [128.627848, 36.264492],
            [128.627863, 36.26448],
            [128.628037, 36.264386],
            [128.628158, 36.264367],
            [128.628206, 36.264359],
            [128.628246, 36.264331],
            [128.629026, 36.263788],
            [128.629034, 36.263776],
            [128.629138, 36.263628],
            [128.629282, 36.263423],
            [128.629308, 36.263386],
            [128.629457, 36.263292],
            [128.629527, 36.263248],
            [128.629531, 36.263246],
            [128.629577, 36.263149],
            [128.629768, 36.262748],
            [128.629931, 36.262406],
            [128.62998, 36.262416],
            [128.630166, 36.262454],
            [128.630645, 36.262551],
            [128.630659, 36.262554],
            [128.630718, 36.262585],
            [128.631257, 36.262868],
            [128.631275, 36.262855],
            [128.631296, 36.262845],
            [128.631539, 36.262732],
            [128.631967, 36.262225],
            [128.63226, 36.2621],
            [128.632557, 36.261911],
            [128.633111, 36.261921],
            [128.633216, 36.261923],
            [128.63323, 36.261923],
            [128.633283, 36.26191],
            [128.633381, 36.261885],
            [128.633449, 36.261868],
            [128.634045, 36.261635],
            [128.634751, 36.261552],
            [128.635589, 36.26155],
            [128.635643, 36.261543],
            [128.635647, 36.261542],
            [128.635894, 36.261524],
            [128.635997, 36.261517],
            [128.636138, 36.261506],
            [128.636418, 36.261226],
            [128.637042, 36.260603],
            [128.637152, 36.259947],
            [128.637159, 36.259908],
            [128.637232, 36.259898],
            [128.637703, 36.259833],
            [128.638164, 36.259164],
            [128.638781, 36.258716],
            [128.638824, 36.258685],
            [128.638986, 36.258567],
            [128.639861, 36.258295],
            [128.640253, 36.2579],
            [128.640352, 36.257771],
            [128.6406, 36.257513],
            [128.640289, 36.256623],
            [128.640188, 36.256334],
            [128.640131, 36.256099],
            [128.64009, 36.255927],
            [128.640034, 36.255693],
            [128.640506, 36.25442],
            [128.640565, 36.253188],
            [128.640547, 36.253171],
            [128.63993, 36.252563],
            [128.639847, 36.252481],
            [128.639784, 36.252226],
            [128.639724, 36.251977],
            [128.638562, 36.25184],
            [128.638506, 36.251833],
            [128.638489, 36.251831],
            [128.638634, 36.251042],
            [128.638652, 36.250947],
            [128.638622, 36.250052],
            [128.638619, 36.249966],
            [128.638388, 36.249376],
            [128.638367, 36.249321],
            [128.638749, 36.248694],
            [128.638804, 36.248447],
            [128.638816, 36.248396],
            [128.638716, 36.24791],
            [128.638709, 36.247877],
            [128.6387, 36.247833],
            [128.638784, 36.247691],
            [128.639499, 36.247476],
            [128.639632, 36.247436],
            [128.639906, 36.247084],
            [128.639939, 36.247042],
            [128.639942, 36.247024],
            [128.639986, 36.246808],
            [128.63999, 36.246786],
            [128.640021, 36.246628],
            [128.640046, 36.246505],
            [128.640065, 36.246466],
            [128.640238, 36.246112],
            [128.640661, 36.245765],
            [128.640744, 36.245563],
            [128.641338, 36.244843],
            [128.64137, 36.244805],
            [128.641272, 36.244783],
            [128.639865, 36.24447],
            [128.639763, 36.243945],
            [128.639751, 36.243863],
            [128.639773, 36.243867],
            [128.639784, 36.243818],
            [128.639772, 36.243815],
            [128.639779, 36.243776],
            [128.639756, 36.243664],
            [128.639526, 36.243589],
            [128.639066, 36.243357],
            [128.639057, 36.24335],
            [128.63905, 36.243332],
            [128.63899, 36.243251],
            [128.638789, 36.243043],
            [128.638773, 36.243019],
            [128.638748, 36.24298],
            [128.63873, 36.24286],
            [128.638708, 36.242721],
            [128.638703, 36.242702],
            [128.638788, 36.242725],
            [128.63888, 36.242756],
            [128.638939, 36.242941],
            [128.63894, 36.242946],
            [128.639194, 36.242302],
            [128.639456, 36.241394],
            [128.639475, 36.241316],
            [128.639341, 36.241274],
            [128.638703, 36.241086],
            [128.638428, 36.241005],
            [128.637457, 36.240782],
            [128.63647, 36.240388],
            [128.636446, 36.240378],
            [128.636274, 36.240373],
            [128.635743, 36.240356],
            [128.634623, 36.239482],
            [128.6337, 36.238895],
            [128.633126, 36.238662],
            [128.633133, 36.238656],
            [128.633152, 36.238639],
            [128.633503, 36.238342],
            [128.633989, 36.237882],
            [128.634012, 36.237861],
            [128.634016, 36.237858],
            [128.634644, 36.237457],
            [128.6348, 36.237312],
            [128.634799, 36.237309],
            [128.63468, 36.236884],
            [128.634644, 36.236836],
            [128.634537, 36.236697],
            [128.634311, 36.236401],
            [128.635255, 36.23565],
            [128.635207, 36.235313],
            [128.635206, 36.235299],
            [128.63545, 36.234896],
            [128.635732, 36.234527],
            [128.635936, 36.23426],
            [128.636199, 36.233916],
            [128.636361, 36.233703],
            [128.636402, 36.23365],
            [128.636409, 36.233634],
            [128.636437, 36.233572],
            [128.636504, 36.233426],
            [128.636652, 36.2331],
            [128.636435, 36.232751],
            [128.63611, 36.232228],
            [128.635931, 36.23209],
            [128.635061, 36.231415],
            [128.634453, 36.231148],
            [128.634515, 36.23106],
            [128.634589, 36.230955],
            [128.634686, 36.230817],
            [128.634864, 36.230565],
            [128.634918, 36.230488],
            [128.63492, 36.230487],
            [128.634948, 36.230462],
            [128.635273, 36.230177],
            [128.63613, 36.229991],
            [128.636682, 36.229873],
            [128.636811, 36.229846],
            [128.636948, 36.229773],
            [128.636991, 36.229665],
            [128.636992, 36.229663],
            [128.637023, 36.229586],
            [128.637035, 36.229554],
            [128.63709, 36.22912],
            [128.637179, 36.228416],
            [128.637171, 36.227973],
            [128.637114, 36.227761],
            [128.637071, 36.227604],
            [128.63707, 36.227599],
            [128.636447, 36.227058],
            [128.636407, 36.227023],
            [128.636032, 36.226827],
            [128.634455, 36.226004],
            [128.633069, 36.225564],
            [128.632908, 36.225513],
            [128.632905, 36.225512],
            [128.633249, 36.22504],
            [128.634599, 36.224685],
            [128.635877, 36.22403],
            [128.636273, 36.223828],
            [128.636029, 36.222567],
            [128.635894, 36.221387],
            [128.635868, 36.221178],
            [128.63582, 36.220791],
            [128.635119, 36.219198],
            [128.634895, 36.218472],
            [128.634552, 36.218125],
            [128.633844, 36.217421],
            [128.633839, 36.217415],
            [128.632045, 36.216871],
            [128.632024, 36.216865],
            [128.632028, 36.216578],
            [128.631815, 36.216214],
            [128.632079, 36.215902],
            [128.633102, 36.214794],
            [128.633529, 36.214227],
            [128.634311, 36.213672],
            [128.634337, 36.213394],
            [128.63435, 36.213325],
            [128.634397, 36.213181],
            [128.634431, 36.213031],
            [128.634517, 36.212855],
            [128.63454, 36.212855],
            [128.634562, 36.212836],
            [128.634611, 36.212791],
            [128.634759, 36.212767],
            [128.634728, 36.21269],
            [128.634725, 36.212637],
            [128.634755, 36.212563],
            [128.634693, 36.212445],
            [128.634694, 36.212396],
            [128.634719, 36.212348],
            [128.634631, 36.212249],
            [128.634527, 36.212187],
            [128.634562, 36.21209],
            [128.634564, 36.212081],
            [128.634873, 36.210892],
            [128.635395, 36.209052],
            [128.635399, 36.209039],
            [128.635411, 36.208997],
            [128.635439, 36.208989],
            [128.635628, 36.208938],
            [128.636332, 36.208749],
            [128.63657, 36.208673],
            [128.637335, 36.20843],
            [128.637536, 36.208366],
            [128.637831, 36.208272],
            [128.637836, 36.208269],
            [128.638287, 36.207946],
            [128.639412, 36.207484],
            [128.639437, 36.207515],
            [128.639447, 36.207527],
            [128.639897, 36.208088],
            [128.640419, 36.208738],
            [128.640674, 36.209055],
            [128.640752, 36.209151],
            [128.640918, 36.20936],
            [128.641104, 36.209593],
            [128.641227, 36.209747],
            [128.641234, 36.209756],
            [128.641761, 36.210505],
            [128.641923, 36.210736],
            [128.641993, 36.210914],
            [128.642286, 36.21166],
            [128.642364, 36.211807],
            [128.642401, 36.211875],
            [128.642539, 36.21211],
            [128.642541, 36.212113],
            [128.642702, 36.212224],
            [128.643537, 36.212799],
            [128.643728, 36.212931],
            [128.643772, 36.212961],
            [128.643908, 36.213061],
            [128.643944, 36.213209],
            [128.644036, 36.21359],
            [128.644206, 36.213686],
            [128.644333, 36.213667],
            [128.644419, 36.213689],
            [128.644445, 36.213696],
            [128.644514, 36.213714],
            [128.644532, 36.213717],
            [128.644573, 36.213724],
            [128.644594, 36.213727],
            [128.64465, 36.213736],
            [128.644941, 36.213957],
            [128.645155, 36.214115],
            [128.64525, 36.214173],
            [128.645399, 36.214256],
            [128.645696, 36.21452],
            [128.646211, 36.214693],
            [128.646331, 36.214733],
            [128.646404, 36.214758],
            [128.646711, 36.215127],
            [128.646894, 36.215349],
            [128.647018, 36.215497],
            [128.647108, 36.215569],
            [128.647501, 36.21594],
            [128.647429, 36.216327],
            [128.647362, 36.216711],
            [128.647496, 36.216812],
            [128.64796, 36.217161],
            [128.648271, 36.217543],
            [128.64851, 36.217834],
            [128.648699, 36.218065],
            [128.648701, 36.218068],
            [128.648712, 36.218067],
            [128.648717, 36.218067],
            [128.648993, 36.218039],
            [128.648999, 36.218039],
            [128.649051, 36.218033],
            [128.649145, 36.217986],
            [128.649921, 36.2177],
            [128.649923, 36.217699],
            [128.650355, 36.217535],
            [128.650435, 36.217505],
            [128.651444, 36.217557],
            [128.651445, 36.217557],
            [128.651457, 36.217558],
            [128.651469, 36.217548],
            [128.651668, 36.217385],
            [128.651984, 36.217127],
            [128.652032, 36.217088],
            [128.65216, 36.217093],
            [128.652254, 36.217097],
            [128.653031, 36.217131],
            [128.654339, 36.218045],
            [128.655596, 36.21835],
            [128.655609, 36.218353],
            [128.655646, 36.218457],
            [128.655669, 36.218519],
            [128.655852, 36.219022],
            [128.655866, 36.219063],
            [128.655858, 36.21914],
            [128.655777, 36.219832],
            [128.655712, 36.219992],
            [128.655668, 36.220116],
            [128.655742, 36.220117],
            [128.65581, 36.220118],
            [128.655858, 36.220119],
            [128.655959, 36.220121],
            [128.656993, 36.220142],
            [128.657217, 36.220163],
            [128.657846, 36.220225],
            [128.658268, 36.220266],
            [128.659045, 36.220238],
            [128.659337, 36.220707],
            [128.659716, 36.221316],
            [128.659755, 36.22138],
            [128.660268, 36.221241],
            [128.660923, 36.221052],
            [128.661131, 36.220971],
            [128.661184, 36.220951],
            [128.661452, 36.220804],
            [128.661562, 36.220757],
            [128.661698, 36.220699],
            [128.661871, 36.220626],
            [128.662232, 36.220491],
            [128.6625, 36.220391],
            [128.662475, 36.220329],
            [128.66239, 36.220113],
            [128.662394, 36.220034],
            [128.662453, 36.219028],
            [128.664641, 36.218962],
            [128.664539, 36.218306],
            [128.66455, 36.217715],
            [128.66455, 36.217702],
            [128.664551, 36.217702],
            [128.664674, 36.217628],
            [128.665336, 36.217229],
            [128.665424, 36.217176],
            [128.66546, 36.217153],
            [128.665806, 36.216933],
            [128.665876, 36.216888],
            [128.66584, 36.216811],
            [128.665582, 36.21624],
            [128.665361, 36.215754],
            [128.665391, 36.215742],
            [128.665666, 36.215635],
            [128.665845, 36.215565],
            [128.666134, 36.215453],
            [128.666294, 36.215369],
            [128.667533, 36.214721],
            [128.667547, 36.214627],
            [128.667582, 36.214386],
            [128.667583, 36.214382],
            [128.667705, 36.213546],
            [128.667687, 36.213345],
            [128.667684, 36.213311],
            [128.667662, 36.213056],
            [128.667616, 36.212892],
            [128.667515, 36.212528],
            [128.667411, 36.212154],
            [128.667421, 36.212141],
            [128.667443, 36.212111],
            [128.667461, 36.212088],
            [128.667891, 36.211531],
            [128.667915, 36.21154],
            [128.667938, 36.211549],
            [128.668057, 36.21148],
            [128.66817, 36.211343],
            [128.668186, 36.211324],
            [128.668241, 36.211295],
            [128.668311, 36.211259],
            [128.668318, 36.211244],
            [128.668324, 36.211233],
            [128.668482, 36.211008],
            [128.668606, 36.210832],
            [128.668746, 36.210666],
            [128.669266, 36.209576],
            [128.669379, 36.209394],
            [128.669378, 36.209376],
            [128.669378, 36.209371],
            [128.669513, 36.209255],
            [128.669563, 36.209247],
            [128.669571, 36.209253],
            [128.669593, 36.209269],
            [128.669622, 36.209291],
            [128.669623, 36.209291],
            [128.669632, 36.209287],
            [128.669716, 36.209247],
            [128.669804, 36.20922],
            [128.669951, 36.209222],
            [128.670029, 36.209135],
            [128.670162, 36.209069],
            [128.670236, 36.209047],
            [128.670338, 36.209011],
            [128.670452, 36.208996],
            [128.670459, 36.208995],
            [128.670467, 36.208996],
            [128.670561, 36.20901],
            [128.670668, 36.20902],
            [128.670738, 36.208974],
            [128.670891, 36.208872],
            [128.671034, 36.208796],
            [128.671113, 36.208717],
            [128.671228, 36.208635],
            [128.671282, 36.208598],
            [128.671374, 36.208542],
            [128.671381, 36.208542],
            [128.671474, 36.208545],
            [128.671488, 36.208546],
            [128.671489, 36.208546],
            [128.67151, 36.208538],
            [128.671551, 36.208524],
            [128.671693, 36.208472],
            [128.671711, 36.208446],
            [128.671757, 36.20838],
            [128.671763, 36.208378],
            [128.671808, 36.208367],
            [128.671842, 36.208358],
            [128.671861, 36.208353],
            [128.6719, 36.208344],
            [128.671928, 36.208337],
            [128.671933, 36.208335],
            [128.671899, 36.208165],
            [128.671897, 36.208151],
            [128.671981, 36.208155],
            [128.672009, 36.208153],
            [128.672012, 36.208153],
            [128.672085, 36.208206],
            [128.672108, 36.208224],
            [128.672195, 36.208335],
            [128.672421, 36.208623],
            [128.672474, 36.208764],
            [128.672569, 36.209109],
            [128.672611, 36.209266],
            [128.672618, 36.20933],
            [128.672642, 36.20955],
            [128.672666, 36.209742],
            [128.672656, 36.209852],
            [128.67261, 36.210001],
            [128.672754, 36.210131],
            [128.672776, 36.210154],
            [128.672786, 36.210156],
            [128.673007, 36.21021],
            [128.673096, 36.210232],
            [128.673098, 36.210232],
            [128.673318, 36.211023],
            [128.673891, 36.211938],
            [128.674442, 36.212161],
            [128.674713, 36.21227],
            [128.67476, 36.212427],
            [128.674848, 36.21272],
            [128.67553, 36.212695],
            [128.676121, 36.212716],
            [128.676176, 36.212718],
            [128.67627, 36.212813],
            [128.676993, 36.213533],
            [128.677792, 36.213493],
            [128.677977, 36.213566],
            [128.678117, 36.213646],
            [128.678656, 36.213856],
            [128.679294, 36.214059],
            [128.679679, 36.21418],
            [128.679796, 36.214217],
            [128.679901, 36.214237],
            [128.680088, 36.214319],
            [128.680395, 36.21446],
            [128.68043, 36.214476],
            [128.680508, 36.214512],
            [128.680622, 36.214565],
            [128.681528, 36.214786],
            [128.681738, 36.215002],
            [128.681977, 36.215248],
            [128.682617, 36.215288],
            [128.682712, 36.215294],
            [128.683448, 36.214905],
            [128.683572, 36.214854],
            [128.683854, 36.214739],
            [128.684042, 36.214732],
            [128.684282, 36.214724],
            [128.684774, 36.214706],
            [128.685066, 36.214749],
            [128.68511, 36.214756],
            [128.685657, 36.214183],
            [128.686664, 36.213999],
            [128.687982, 36.213758],
            [128.688352, 36.213435],
            [128.688411, 36.21332],
            [128.688463, 36.213215],
            [128.688701, 36.21282],
            [128.688782, 36.212687],
            [128.689063, 36.212608],
            [128.68928, 36.212591],
            [128.689294, 36.21259],
            [128.68937, 36.212555],
            [128.689444, 36.212521],
            [128.689968, 36.212282],
            [128.690037, 36.21225],
            [128.690174, 36.212187],
            [128.691176, 36.212578],
            [128.691589, 36.212541],
            [128.692054, 36.212983],
            [128.69215, 36.213098],
            [128.692291, 36.213269],
            [128.692755, 36.213603],
            [128.69308, 36.213837],
            [128.693383, 36.213871],
            [128.694208, 36.213963],
            [128.69483, 36.213303],
            [128.694896, 36.213232],
            [128.694982, 36.213141],
            [128.696255, 36.212769],
            [128.696961, 36.211872],
            [128.697353, 36.21167],
            [128.69758, 36.211669],
            [128.697789, 36.211668],
            [128.698069, 36.211666],
            [128.698072, 36.211649],
            [128.698126, 36.211367],
            [128.69781, 36.210746],
            [128.69778, 36.210342],
            [128.697899, 36.210214],
            [128.699503, 36.209105],
            [128.699672, 36.208987],
            [128.699885, 36.20884],
            [128.699882, 36.208836],
            [128.699831, 36.208785],
            [128.698992, 36.207945],
            [128.698951, 36.207905],
            [128.698911, 36.207895],
            [128.698328, 36.207747],
            [128.698305, 36.207649],
            [128.697969, 36.206227],
            [128.697952, 36.206153],
            [128.697886, 36.205998],
            [128.697885, 36.205996],
            [128.697881, 36.205994],
            [128.6974, 36.205758],
            [128.697233, 36.205585],
            [128.69716, 36.205509],
            [128.697109, 36.205469],
            [128.696848, 36.205257],
            [128.696655, 36.205032],
            [128.696635, 36.204994],
            [128.696612, 36.204951],
            [128.696514, 36.204768],
            [128.696296, 36.20448],
            [128.696294, 36.204413],
            [128.696283, 36.203998],
            [128.696279, 36.203854],
            [128.696256, 36.202762],
            [128.696332, 36.202151],
            [128.696357, 36.202142],
            [128.696403, 36.202126],
            [128.696828, 36.201978],
            [128.69884, 36.201275],
            [128.699137, 36.20119],
            [128.700027, 36.201278],
            [128.700942, 36.201119],
            [128.701363, 36.201176],
            [128.701692, 36.20103],
            [128.701817, 36.201063],
            [128.701887, 36.201081],
            [128.701888, 36.20108],
            [128.702135, 36.200651],
            [128.702344, 36.200544],
            [128.702789, 36.200315],
            [128.702937, 36.200239],
            [128.703519, 36.200256],
            [128.703658, 36.20026],
            [128.703692, 36.20017],
            [128.703926, 36.199543],
            [128.703962, 36.199458],
            [128.704042, 36.199271],
            [128.704055, 36.199246],
            [128.7041, 36.199164],
            [128.704108, 36.199151],
            [128.704168, 36.199116],
            [128.704291, 36.199045],
            [128.704297, 36.199042],
            [128.70442, 36.199054],
            [128.704519, 36.199066],
            [128.704517, 36.199025],
            [128.704516, 36.199015],
            [128.704567, 36.19901],
            [128.704575, 36.199032],
            [128.70458, 36.199048],
            [128.704667, 36.199096],
            [128.704655, 36.199111],
            [128.704519, 36.199282],
            [128.704521, 36.199391],
            [128.704722, 36.199118],
            [128.704737, 36.199098],
            [128.704738, 36.199096],
            [128.704792, 36.199103],
            [128.705717, 36.199212],
            [128.705828, 36.199226],
            [128.706735, 36.199041],
            [128.706717, 36.199005],
            [128.706711, 36.198992],
            [128.707251, 36.198888],
            [128.707542, 36.198833],
            [128.708032, 36.198712],
            [128.708574, 36.19858],
            [128.70862, 36.19859],
            [128.709349, 36.19875],
            [128.709573, 36.198799],
            [128.710109, 36.198986],
            [128.710364, 36.199099],
            [128.711133, 36.199442],
            [128.71121, 36.199418],
            [128.712181, 36.19912],
            [128.712202, 36.199135],
            [128.712287, 36.199194],
            [128.713499, 36.200035],
            [128.713517, 36.200036],
            [128.713673, 36.200044],
            [128.714866, 36.200104],
            [128.714934, 36.200108],
            [128.714957, 36.200109],
            [128.715254, 36.200126],
            [128.715945, 36.200279],
            [128.716297, 36.200357],
            [128.71668, 36.200442],
            [128.716698, 36.200436],
            [128.716847, 36.200387],
            [128.717092, 36.200306],
            [128.717908, 36.200038],
            [128.718025, 36.20005],
            [128.718631, 36.200112],
            [128.71864, 36.200085],
            [128.718659, 36.200033],
            [128.719127, 36.198684],
            [128.719132, 36.198083],
            [128.719183, 36.198084],
            [128.719377, 36.198086],
            [128.721, 36.198107],
            [128.721718, 36.198645],
            [128.722623, 36.199195],
            [128.723243, 36.19915],
            [128.723677, 36.199079],
            [128.723819, 36.199003],
            [128.72393, 36.198944],
            [128.724222, 36.199042],
            [128.72486, 36.199258],
            [128.724979, 36.199298],
            [128.725135, 36.199453],
            [128.725525, 36.199836],
            [128.725552, 36.199863],
            [128.725361, 36.200099],
            [128.724992, 36.200336],
            [128.724784, 36.200509],
            [128.724774, 36.200518],
            [128.725548, 36.200764],
            [128.726445, 36.200375],
            [128.726919, 36.200497],
            [128.727352, 36.200701],
            [128.727476, 36.200759],
            [128.728148, 36.200071],
            [128.728477, 36.199805],
            [128.728801, 36.199543],
            [128.729266, 36.198978],
            [128.729307, 36.198951],
            [128.729516, 36.198813],
            [128.730521, 36.199186],
            [128.73086, 36.199311],
            [128.731615, 36.199281],
            [128.732014, 36.199344],
            [128.73242, 36.199407],
            [128.733067, 36.199688],
            [128.734996, 36.200729],
            [128.735083, 36.200643],
            [128.735552, 36.200179],
            [128.735568, 36.200163],
            [128.735695, 36.200153],
            [128.736144, 36.200116],
            [128.736588, 36.200079],
            [128.736607, 36.200092],
            [128.736922, 36.200315],
            [128.737004, 36.200287],
            [128.737132, 36.200244],
            [128.737228, 36.200202],
            [128.737511, 36.20008],
            [128.737873, 36.199952],
            [128.738469, 36.199945],
            [128.73857, 36.19985],
            [128.739075, 36.199377],
            [128.739225, 36.199236],
            [128.739239, 36.199233],
            [128.739325, 36.199217],
            [128.739867, 36.199114],
            [128.740207, 36.199155],
            [128.740408, 36.199179],
            [128.740426, 36.199181],
            [128.740438, 36.199183],
            [128.740446, 36.199184],
            [128.740451, 36.199181],
            [128.740467, 36.199173],
            [128.741738, 36.198532],
            [128.743079, 36.19744],
            [128.743093, 36.19683],
            [128.743252, 36.196221],
            [128.743288, 36.196211],
            [128.744048, 36.195995],
            [128.744176, 36.195872],
            [128.744371, 36.195683],
            [128.744398, 36.19567],
            [128.744595, 36.195579],
            [128.744615, 36.195556],
            [128.745113, 36.194976],
            [128.745153, 36.194956],
            [128.74545, 36.194801],
            [128.745505, 36.19476],
            [128.745519, 36.194749],
            [128.745672, 36.194633],
            [128.745843, 36.194504],
            [128.74592, 36.194447],
            [128.745943, 36.194456],
            [128.747088, 36.194927],
            [128.747426, 36.195229],
            [128.7487, 36.19561],
            [128.749418, 36.195892],
            [128.749591, 36.195959],
            [128.749804, 36.196653],
            [128.749828, 36.196732],
            [128.75019, 36.196983],
            [128.750391, 36.197123],
            [128.75049, 36.197832],
            [128.750517, 36.19809],
            [128.750167, 36.198615],
            [128.74998, 36.198864],
            [128.749969, 36.198878],
            [128.750726, 36.199767],
            [128.751204, 36.199971],
            [128.751409, 36.200059],
            [128.751812, 36.20114],
            [128.751769, 36.201249],
            [128.751604, 36.201664],
            [128.75204, 36.202124],
            [128.752321, 36.202421],
            [128.752691, 36.202811],
            [128.752757, 36.202803],
            [128.75409, 36.202646],
            [128.754207, 36.202632],
            [128.754446, 36.202575],
            [128.754809, 36.202488],
            [128.754992, 36.202445],
            [128.755039, 36.202456],
            [128.755598, 36.202588],
            [128.75562, 36.202582],
            [128.755981, 36.20247],
            [128.756069, 36.202487],
            [128.756705, 36.202612],
            [128.756723, 36.202616],
            [128.757164, 36.202702],
            [128.75774, 36.202815],
            [128.757953, 36.202857],
            [128.757977, 36.202862],
            [128.757986, 36.202845],
            [128.758052, 36.202724],
            [128.758636, 36.201648],
            [128.758568, 36.201158],
            [128.75885, 36.200763],
            [128.759586, 36.200212],
            [128.759587, 36.200211],
            [128.760634, 36.199707],
            [128.761369, 36.199385],
            [128.761413, 36.199384],
            [128.762743, 36.19935],
            [128.763344, 36.199334],
            [128.76336, 36.199319],
            [128.764361, 36.198345],
            [128.764693, 36.198022],
            [128.76441, 36.197659],
            [128.764296, 36.197512],
            [128.764381, 36.197517],
            [128.764581, 36.197529],
            [128.765053, 36.197557],
            [128.765074, 36.19754],
            [128.765096, 36.197522],
            [128.765758, 36.196988],
            [128.765772, 36.196976],
            [128.765778, 36.196946],
            [128.765846, 36.196579],
            [128.766499, 36.19605],
            [128.767505, 36.195351],
            [128.767547, 36.195316],
            [128.768399, 36.194589],
            [128.768742, 36.194296],
            [128.768858, 36.194197],
            [128.769112, 36.193981],
            [128.769112, 36.19398],
            [128.769232, 36.193878],
            [128.769457, 36.193737],
            [128.769863, 36.193485],
            [128.769938, 36.193438],
            [128.769958, 36.193426],
            [128.77007, 36.193485],
            [128.770189, 36.193549],
            [128.77167, 36.194337],
            [128.772387, 36.194719],
            [128.772788, 36.194835],
            [128.772852, 36.194837],
            [128.772871, 36.194838],
            [128.774687, 36.194896],
            [128.774854, 36.194901],
            [128.774887, 36.194882],
            [128.775261, 36.194666],
            [128.77549, 36.194534],
            [128.77553, 36.194533],
            [128.776842, 36.194507],
            [128.776958, 36.194505],
            [128.776991, 36.194494],
            [128.777166, 36.194438],
            [128.777263, 36.194406],
            [128.777474, 36.194338],
            [128.777705, 36.194264],
            [128.777756, 36.194263],
            [128.778534, 36.194253],
            [128.780039, 36.19424],
            [128.780661, 36.19438],
            [128.780702, 36.194359],
            [128.781104, 36.194147],
            [128.781915, 36.19372],
            [128.782828, 36.193673],
            [128.783637, 36.193772],
            [128.783733, 36.193785],
            [128.783744, 36.193786],
            [128.783824, 36.193796],
            [128.784211, 36.193845],
            [128.784228, 36.19384],
            [128.785277, 36.193544],
            [128.785287, 36.193542],
            [128.787183, 36.193196],
            [128.787703, 36.193101],
            [128.789666, 36.192302],
            [128.790103, 36.192119],
            [128.791128, 36.191689],
            [128.792015, 36.19131],
            [128.792046, 36.191297],
            [128.792089, 36.191286],
            [128.793604, 36.190907],
            [128.794389, 36.190713],
            [128.795141, 36.190756],
            [128.796418, 36.190819],
            [128.796447, 36.19082],
            [128.7965, 36.190909],
            [128.796501, 36.190911],
            [128.79758, 36.192756],
            [128.797988, 36.193454],
            [128.798453, 36.194587],
            [128.798864, 36.196041],
            [128.800867, 36.197411],
            [128.801038, 36.197531],
            [128.801521, 36.197872],
            [128.80176, 36.198372],
            [128.80234, 36.199407],
            [128.80294, 36.200544],
            [128.803076, 36.200801],
            [128.803209, 36.201053],
            [128.803208, 36.201118],
            [128.803292, 36.201715],
            [128.803376, 36.202083],
            [128.80319, 36.202519],
            [128.803791, 36.203179],
            [128.803071, 36.203999],
            [128.802902, 36.204192],
            [128.802863, 36.204218],
            [128.802293, 36.204588],
            [128.802178, 36.204799],
            [128.801642, 36.205787],
            [128.801672, 36.205801],
            [128.803366, 36.206265],
            [128.804409, 36.206678],
            [128.805226, 36.207002],
            [128.805203, 36.207044],
            [128.805171, 36.207105],
            [128.805155, 36.207135],
            [128.804559, 36.208263],
            [128.80455, 36.208299],
            [128.804474, 36.208606],
            [128.804202, 36.209695],
            [128.804187, 36.209709],
            [128.804169, 36.209729],
            [128.8041, 36.209808],
            [128.804971, 36.210288],
            [128.804976, 36.210288],
            [128.804982, 36.210287],
            [128.805658, 36.210208],
            [128.806714, 36.21014],
            [128.807867, 36.210107],
            [128.809679, 36.210247],
            [128.809779, 36.210255],
            [128.810003, 36.210272],
            [128.81084, 36.210333],
            [128.810902, 36.210337],
            [128.810928, 36.210323],
            [128.811414, 36.21006],
            [128.81235, 36.210498],
            [128.812351, 36.210499],
            [128.812352, 36.210499],
            [128.813375, 36.210532],
            [128.813836, 36.210721],
            [128.814202, 36.210978],
            [128.814717, 36.211485],
            [128.815242, 36.211854],
            [128.815583, 36.212094],
            [128.8156, 36.212115],
            [128.815635, 36.212158],
            [128.816176, 36.212826],
            [128.816374, 36.213071],
            [128.816846, 36.213349],
            [128.816853, 36.213357],
            [128.816883, 36.213397],
            [128.817219, 36.213836],
            [128.817222, 36.213839],
            [128.817425, 36.213883],
            [128.817786, 36.213961],
            [128.817795, 36.213967],
            [128.818045, 36.214158],
            [128.818326, 36.214372],
            [128.818535, 36.214828],
            [128.818537, 36.214832],
            [128.818611, 36.214869],
            [128.819379, 36.215245],
            [128.819757, 36.215421],
            [128.820277, 36.21543],
            [128.820322, 36.215453],
            [128.820534, 36.21556],
            [128.821183, 36.215888],
            [128.821783, 36.21643],
            [128.821863, 36.216502],
            [128.822235, 36.216701],
            [128.822479, 36.216831],
            [128.822952, 36.217084],
            [128.822958, 36.217087],
            [128.823315, 36.217133],
            [128.823445, 36.217149],
            [128.823808, 36.217229],
            [128.824963, 36.217785],
            [128.825211, 36.217905],
            [128.82523, 36.21791],
            [128.826011, 36.218105],
            [128.826557, 36.218242],
            [128.828753, 36.217898],
            [128.829322, 36.217942],
            [128.83068, 36.218046],
            [128.831168, 36.217379],
            [128.831331, 36.217209],
            [128.831658, 36.21687],
            [128.831989, 36.216447],
            [128.832139, 36.216256],
            [128.832474, 36.215765],
            [128.833412, 36.21517],
            [128.833859, 36.214854],
            [128.834217, 36.214601],
            [128.834579, 36.214594],
            [128.835372, 36.214579],
            [128.836484, 36.215152],
            [128.837261, 36.215109],
            [128.837278, 36.215108],
            [128.837304, 36.215108],
            [128.838963, 36.215146],
            [128.840541, 36.215571],
            [128.842053, 36.216144],
            [128.842861, 36.216185],
            [128.84318, 36.216209],
            [128.843663, 36.215564],
            [128.843666, 36.21556],
            [128.844674, 36.215043],
            [128.845377, 36.214683],
            [128.845605, 36.214565],
            [128.845618, 36.214567],
            [128.846133, 36.214617],
            [128.846675, 36.214671],
            [128.847974, 36.214799],
            [128.848511, 36.214712],
            [128.849811, 36.213363],
            [128.850492, 36.212994],
            [128.851169, 36.212639],
            [128.852638, 36.212653],
            [128.852821, 36.212313],
            [128.852957, 36.21206],
            [128.853153, 36.211696],
            [128.853194, 36.211675],
            [128.854734, 36.210859],
            [128.855577, 36.210451],
            [128.857105, 36.209779],
            [128.857135, 36.209704],
            [128.857422, 36.20897],
            [128.857487, 36.208757],
            [128.857547, 36.208705],
            [128.858081, 36.208236],
            [128.858107, 36.208198],
            [128.858374, 36.207807],
            [128.858377, 36.207806],
            [128.859352, 36.207244],
            [128.859995, 36.20705],
            [128.859997, 36.207049],
            [128.860251, 36.206973],
            [128.860341, 36.206946],
            [128.861631, 36.20732],
            [128.863778, 36.206642],
            [128.864868, 36.205987],
            [128.865906, 36.205403],
            [128.867087, 36.205394],
            [128.868692, 36.205532],
            [128.871182, 36.205164],
            [128.871216, 36.205159],
            [128.871415, 36.204792],
            [128.871477, 36.204678],
            [128.872074, 36.203649],
            [128.87251, 36.203008],
            [128.873105, 36.202145],
            [128.87417, 36.200156],
            [128.874356, 36.199808],
            [128.874368, 36.1998],
            [128.875689, 36.198931],
            [128.875906, 36.198788],
            [128.87605, 36.198693],
            [128.876053, 36.198693],
            [128.876874, 36.1987],
            [128.87705, 36.198699],
            [128.877069, 36.198699],
            [128.877084, 36.1987],
            [128.877117, 36.198703],
            [128.877216, 36.198714],
            [128.878309, 36.198821],
            [128.878628, 36.198826],
            [128.880766, 36.198858],
            [128.881894, 36.198703],
            [128.882474, 36.198572],
            [128.88313, 36.198424],
            [128.883216, 36.198366],
            [128.882574, 36.19701],
            [128.882369, 36.196084],
            [128.882341, 36.195288],
            [128.882466, 36.194415],
            [128.882565, 36.193727],
            [128.882385, 36.192475],
            [128.882382, 36.192451],
            [128.881965, 36.192159],
            [128.881308, 36.191699],
            [128.880959, 36.190621],
            [128.880787, 36.190291],
            [128.880758, 36.190234],
            [128.880766, 36.190229],
            [128.880904, 36.190137],
            [128.881644, 36.189647],
            [128.882097, 36.189347],
            [128.883465, 36.18844],
            [128.883752, 36.187298],
            [128.883928, 36.18621],
            [128.884174, 36.185274],
            [128.883834, 36.184798],
            [128.883727, 36.184032],
            [128.883719, 36.183974],
            [128.883714, 36.183939],
            [128.883708, 36.183898],
            [128.884364, 36.183953],
            [128.884642, 36.183977],
            [128.885085, 36.184015],
            [128.885913, 36.183847],
            [128.885953, 36.183839],
            [128.886096, 36.18381],
            [128.886183, 36.183793],
            [128.886297, 36.1837],
            [128.886447, 36.183552],
            [128.886671, 36.18333],
            [128.886677, 36.183324],
            [128.886917, 36.18325],
            [128.887082, 36.1832],
            [128.887797, 36.18298],
            [128.887844, 36.182966],
            [128.888735, 36.182615],
            [128.888867, 36.182562],
            [128.889248, 36.182458],
            [128.889317, 36.182331],
            [128.889349, 36.182273],
            [128.889543, 36.182261],
            [128.889898, 36.18224],
            [128.889962, 36.182197],
            [128.890278, 36.181986],
            [128.890607, 36.181195],
            [128.890852, 36.180996],
            [128.891053, 36.180832],
            [128.891303, 36.178619],
            [128.891215, 36.178252],
            [128.891186, 36.178132],
            [128.891187, 36.178034],
            [128.891204, 36.176676],
            [128.891043, 36.176401],
            [128.890938, 36.176221],
            [128.890955, 36.176205],
            [128.89096, 36.1762],
            [128.891703, 36.175491],
            [128.892096, 36.17535],
            [128.892544, 36.175191],
            [128.892623, 36.175103],
            [128.893422, 36.174219],
            [128.89376, 36.174195],
            [128.89416, 36.173893],
            [128.895009, 36.173197],
            [128.895006, 36.173155],
            [128.894902, 36.171957],
            [128.894862, 36.171494],
            [128.894753, 36.170201],
            [128.894447, 36.169407],
            [128.895386, 36.167772],
            [128.895504, 36.167566],
            [128.896816, 36.166053],
            [128.897424, 36.165356],
            [128.897547, 36.165113],
            [128.89763, 36.165052],
            [128.898165, 36.164708],
            [128.898423, 36.16428],
            [128.898476, 36.164175],
            [128.898632, 36.163955],
            [128.89883, 36.163817],
            [128.899299, 36.163085],
            [128.900069, 36.162478],
            [128.900197, 36.162378],
            [128.899309, 36.161928],
            [128.89813, 36.161189],
            [128.897687, 36.160911],
            [128.897143, 36.160512],
            [128.896695, 36.160328],
            [128.895479, 36.159822],
            [128.89461, 36.158554],
            [128.894556, 36.158475],
            [128.894519, 36.158422],
            [128.894503, 36.158399],
            [128.894485, 36.158365],
            [128.893651, 36.156741],
            [128.893454, 36.156357],
            [128.892699, 36.155676],
            [128.892268, 36.155286],
            [128.891763, 36.155099],
            [128.891606, 36.155041],
            [128.891655, 36.154586],
            [128.891675, 36.15456],
            [128.892244, 36.153857],
            [128.892176, 36.152636],
            [128.892157, 36.15243],
            [128.892167, 36.152066],
            [128.892044, 36.151776],
            [128.891997, 36.151666],
            [128.891626, 36.151354],
            [128.891329, 36.151104],
            [128.891151, 36.150639],
            [128.890995, 36.15018],
            [128.890981, 36.149544],
            [128.890674, 36.148966],
            [128.89066, 36.148678],
            [128.890784, 36.148321],
            [128.890627, 36.148037],
            [128.890479, 36.147831],
            [128.890039, 36.147252],
            [128.890184, 36.146188],
            [128.890639, 36.145586],
            [128.890916, 36.144895],
            [128.891004, 36.14441],
            [128.891356, 36.143847],
            [128.891585, 36.143479],
            [128.891485, 36.143451],
            [128.890258, 36.143103],
            [128.890009, 36.142744],
            [128.889859, 36.142528],
            [128.888962, 36.142638],
            [128.887804, 36.14278],
            [128.887542, 36.142812],
            [128.887477, 36.14282],
            [128.886784, 36.142686],
            [128.886673, 36.142664],
            [128.88568, 36.143089],
            [128.885636, 36.143105],
            [128.885515, 36.143148],
            [128.884988, 36.143337],
            [128.884899, 36.143369],
            [128.884661, 36.143454],
            [128.884535, 36.1435],
            [128.882985, 36.142621],
            [128.882881, 36.142562],
            [128.882482, 36.142619],
            [128.882449, 36.142624],
            [128.88175, 36.142723],
            [128.881644, 36.142739],
            [128.880462, 36.142713],
            [128.88006, 36.142573],
            [128.879955, 36.142536],
            [128.878958, 36.142554],
            [128.877917, 36.142673],
            [128.877018, 36.142643],
            [128.876529, 36.142627],
            [128.875415, 36.142733],
            [128.875332, 36.142741],
            [128.8743, 36.142839],
            [128.873642, 36.143112],
            [128.873324, 36.143243],
            [128.873231, 36.143293],
            [128.872417, 36.143729],
            [128.872041, 36.14393],
            [128.871732, 36.144033],
            [128.871439, 36.14413],
            [128.87128, 36.144183],
            [128.871116, 36.144245],
            [128.870354, 36.144554],
            [128.870122, 36.144675],
            [128.869893, 36.144736],
            [128.869653, 36.144791],
            [128.869615, 36.144803],
            [128.869547, 36.144824],
            [128.868888, 36.144851],
            [128.868845, 36.144852],
            [128.868816, 36.144854],
            [128.868161, 36.145154],
            [128.868087, 36.145188],
            [128.868016, 36.145221],
            [128.867983, 36.145235],
            [128.867678, 36.145147],
            [128.86631, 36.144751],
            [128.865503, 36.144518],
            [128.865061, 36.14439],
            [128.864929, 36.144352],
            [128.86492, 36.144349],
            [128.864898, 36.144343],
            [128.864194, 36.144551],
            [128.864082, 36.144584],
            [128.863739, 36.144686],
            [128.863131, 36.144803],
            [128.86286, 36.144856],
            [128.862774, 36.144873],
            [128.862256, 36.144973],
            [128.862226, 36.144986],
            [128.861891, 36.145141],
            [128.861769, 36.145197],
            [128.861728, 36.145215],
            [128.861061, 36.145175],
            [128.861052, 36.145174],
            [128.86085, 36.145162],
            [128.860231, 36.145147],
            [128.860059, 36.145143],
            [128.859226, 36.144952],
            [128.859072, 36.144989],
            [128.858852, 36.145043],
            [128.858792, 36.145057],
            [128.858728, 36.145031],
            [128.858672, 36.145009],
            [128.858574, 36.144969],
            [128.857899, 36.14407],
            [128.857088, 36.142929],
            [128.856901, 36.142666],
            [128.856588, 36.14226],
            [128.856532, 36.142187],
            [128.85656, 36.141861],
            [128.856561, 36.141842],
            [128.856561, 36.141825],
            [128.856556, 36.141805],
            [128.856501, 36.14172],
            [128.856433, 36.141664],
            [128.856372, 36.141615],
            [128.855952, 36.141271],
            [128.854746, 36.140285],
            [128.854265, 36.139892],
            [128.854044, 36.139711],
            [128.853517, 36.139281],
            [128.85209, 36.138341],
            [128.852083, 36.138336],
            [128.851976, 36.138311],
            [128.850866, 36.13805],
            [128.850631, 36.137426],
            [128.850521, 36.136989],
            [128.850494, 36.136881],
            [128.850452, 36.136715],
            [128.850376, 36.136411],
            [128.850558, 36.135991],
            [128.850553, 36.135514],
            [128.850543, 36.134664],
            [128.850542, 36.134554],
            [128.851675, 36.13234],
            [128.852177, 36.132029],
            [128.852266, 36.131973],
            [128.85295, 36.130419],
            [128.853443, 36.128418],
            [128.853451, 36.127075],
            [128.853389, 36.127049],
            [128.853285, 36.127004],
            [128.852364, 36.126604],
            [128.851609, 36.125152],
            [128.851201, 36.124635],
            [128.851152, 36.124574],
            [128.850901, 36.124265],
            [128.850918, 36.124231],
            [128.851, 36.124064],
            [128.851042, 36.12398],
            [128.851605, 36.12331],
            [128.851634, 36.123276],
            [128.851716, 36.123069],
            [128.851938, 36.122511],
            [128.852152, 36.121973],
            [128.852201, 36.121905],
            [128.852456, 36.121294],
            [128.852309, 36.120861],
            [128.852258, 36.120712],
            [128.852217, 36.120591],
            [128.851677, 36.119542],
            [128.851472, 36.119156],
            [128.850953, 36.118177],
            [128.850847, 36.118132],
            [128.850725, 36.11808],
            [128.850536, 36.118],
            [128.848981, 36.117429],
            [128.848223, 36.11715],
            [128.848183, 36.117135],
            [128.84818, 36.117134],
            [128.847935, 36.117025],
            [128.847824, 36.116925],
            [128.847811, 36.116923],
            [128.846119, 36.116698],
            [128.845048, 36.116325],
            [128.843888, 36.11483],
            [128.844116, 36.114427],
            [128.844365, 36.113988],
            [128.843889, 36.113219],
            [128.843142, 36.112923],
            [128.843071, 36.112939],
            [128.842874, 36.112983],
            [128.842295, 36.113114],
            [128.841224, 36.113356],
            [128.841103, 36.113384],
            [128.840458, 36.113159],
            [128.840402, 36.11314],
            [128.84039, 36.113136],
            [128.840384, 36.113137],
            [128.839974, 36.113243],
            [128.839514, 36.113362],
            [128.838428, 36.113161],
            [128.837883, 36.11306],
            [128.837839, 36.113052],
            [128.837829, 36.113027],
            [128.837815, 36.112991],
            [128.837804, 36.112966],
            [128.837691, 36.112683],
            [128.837547, 36.112325],
            [128.83729, 36.111683],
            [128.837059, 36.110657],
            [128.836786, 36.109965],
            [128.836652, 36.109619],
            [128.836852, 36.109102],
            [128.836864, 36.109072],
            [128.836859, 36.109019],
            [128.836833, 36.108706],
            [128.836902, 36.108324],
            [128.836958, 36.108015],
            [128.836964, 36.107967],
            [128.837099, 36.107932],
            [128.837347, 36.107843],
            [128.837192, 36.107849],
            [128.837054, 36.107868],
            [128.83692, 36.107901],
            [128.836867, 36.107804],
            [128.836502, 36.107138],
            [128.836514, 36.107113],
            [128.836551, 36.107034],
            [128.83638, 36.106818],
            [128.835483, 36.105691],
            [128.835355, 36.105531],
            [128.835043, 36.105347],
            [128.834952, 36.105142],
            [128.834563, 36.104184],
            [128.833726, 36.103077],
            [128.833568, 36.102915],
            [128.832619, 36.101992],
            [128.832575, 36.102015],
            [128.831847, 36.1024],
            [128.831773, 36.102438],
            [128.831677, 36.102489],
            [128.831349, 36.102548],
            [128.830859, 36.102635],
            [128.830857, 36.102635],
            [128.830781, 36.102649],
            [128.830773, 36.102651],
            [128.83076, 36.102656],
            [128.830705, 36.102676],
            [128.830367, 36.102808],
            [128.830363, 36.102809],
            [128.830345, 36.102807],
            [128.829863, 36.102749],
            [128.829829, 36.102733],
            [128.829665, 36.102656],
            [128.82945, 36.102556],
            [128.829056, 36.102372],
            [128.828515, 36.101894],
            [128.828167, 36.101762],
            [128.827891, 36.101657],
            [128.827531, 36.101413],
            [128.826003, 36.101157],
            [128.825937, 36.101128],
            [128.825422, 36.100905],
            [128.824406, 36.100885],
            [128.823625, 36.100339],
            [128.822946, 36.100404],
            [128.82228, 36.100468],
            [128.821982, 36.10028],
            [128.821656, 36.099996],
            [128.821168, 36.099569],
            [128.820731, 36.099186],
            [128.820255, 36.098769],
            [128.820076, 36.098612],
            [128.819271, 36.098307],
            [128.818296, 36.096959],
            [128.818261, 36.096911],
            [128.818161, 36.096438],
            [128.818312, 36.096108],
            [128.818448, 36.095413],
            [128.818884, 36.094551],
            [128.818833, 36.094136],
            [128.818832, 36.09413],
            [128.818653, 36.094083],
            [128.8184, 36.094017],
            [128.817906, 36.093887],
            [128.817844, 36.093871],
            [128.817808, 36.093846],
            [128.817034, 36.093299],
            [128.816879, 36.093061],
            [128.81639, 36.092308],
            [128.81638, 36.092306],
            [128.814595, 36.09192],
            [128.813629, 36.091769],
            [128.813586, 36.091732],
            [128.813163, 36.091363],
            [128.812334, 36.090642],
            [128.81152, 36.090175],
            [128.811512, 36.090143],
            [128.811432, 36.089818],
            [128.811311, 36.089328],
            [128.811297, 36.089322],
            [128.810839, 36.089125],
            [128.810831, 36.089122],
            [128.81064, 36.08904],
            [128.808714, 36.088672],
            [128.808691, 36.088658],
            [128.80829, 36.088414],
            [128.808276, 36.08841],
            [128.807672, 36.08827],
            [128.806742, 36.088241],
            [128.806199, 36.088141],
            [128.805858, 36.088203],
            [128.804944, 36.088135],
            [128.804784, 36.088047],
            [128.804782, 36.088047],
            [128.804773, 36.088048],
            [128.804621, 36.088066],
            [128.804505, 36.08808],
            [128.803969, 36.087569],
            [128.802869, 36.086521],
            [128.802116, 36.085991],
            [128.802087, 36.085971],
            [128.802077, 36.085969],
            [128.802003, 36.085956],
            [128.801515, 36.085868],
            [128.799852, 36.085569],
            [128.799168, 36.085437],
            [128.798532, 36.085317],
            [128.798504, 36.085349],
            [128.797937, 36.085992],
            [128.797732, 36.086225],
            [128.796134, 36.086947],
            [128.795226, 36.087059],
            [128.795217, 36.08706],
            [128.794804, 36.086992],
            [128.793151, 36.086722],
            [128.792287, 36.08664],
            [128.791545, 36.086774],
            [128.791242, 36.086738],
            [128.790717, 36.086675],
            [128.790509, 36.08665],
            [128.790504, 36.08665],
            [128.790467, 36.086636],
            [128.790038, 36.08647],
            [128.789421, 36.086232],
            [128.788992, 36.085942],
            [128.788979, 36.085933],
            [128.788969, 36.085937],
            [128.788949, 36.085946],
            [128.788909, 36.085963],
            [128.788766, 36.086023],
            [128.788694, 36.086054],
            [128.78848, 36.086145],
            [128.788426, 36.08635],
            [128.788334, 36.086702],
            [128.787994, 36.088009],
            [128.787741, 36.088783],
            [128.787624, 36.089143],
            [128.787579, 36.089217],
            [128.787354, 36.089591],
            [128.786998, 36.089711],
            [128.786292, 36.089948],
            [128.785624, 36.090384],
            [128.78524, 36.090754],
            [128.784769, 36.091003],
            [128.784206, 36.091184],
            [128.783841, 36.091225],
            [128.783601, 36.091252],
            [128.782517, 36.091831],
            [128.782229, 36.091873],
            [128.781264, 36.092017],
            [128.781005, 36.092292],
            [128.780977, 36.092321],
            [128.7801, 36.093235],
            [128.779953, 36.093334],
            [128.779884, 36.09338],
            [128.779384, 36.093717],
            [128.777781, 36.094797],
            [128.776642, 36.095565],
            [128.776484, 36.095671],
            [128.776481, 36.095672],
            [128.776114, 36.095722],
            [128.775811, 36.095619],
            [128.774903, 36.095249],
            [128.774852, 36.095292],
            [128.77475, 36.09538],
            [128.774679, 36.09544],
            [128.774647, 36.095495],
            [128.774625, 36.095533],
            [128.774286, 36.095728],
            [128.774079, 36.095843],
            [128.774018, 36.095859],
            [128.773924, 36.095884],
            [128.773713, 36.095942],
            [128.77308, 36.096115],
            [128.772726, 36.096214],
            [128.772457, 36.096289],
            [128.771769, 36.096474],
            [128.771138, 36.096637],
            [128.771103, 36.096648],
            [128.771023, 36.096669],
            [128.770979, 36.096681],
            [128.77064, 36.096606],
            [128.770487, 36.09678],
            [128.770105, 36.096828],
            [128.769566, 36.096895],
            [128.769518, 36.096901],
            [128.769474, 36.096907],
            [128.769433, 36.096913],
            [128.7694, 36.09696],
            [128.769376, 36.096993],
            [128.769374, 36.096995],
            [128.769277, 36.097128],
            [128.769293, 36.097135],
            [128.769294, 36.097136],
            [128.769391, 36.09718],
            [128.769121, 36.097519],
            [128.768203, 36.098674],
            [128.768079, 36.098628],
            [128.768039, 36.098613],
            [128.767576, 36.09843],
            [128.767198, 36.098277],
            [128.767198, 36.09828],
            [128.767206, 36.098535],
            [128.767189, 36.098886],
            [128.767294, 36.099174],
            [128.767292, 36.099518],
            [128.766889, 36.100127],
            [128.766874, 36.100147],
            [128.766851, 36.100179],
            [128.766847, 36.100185],
            [128.766802, 36.100197],
            [128.76674, 36.100214],
            [128.76553, 36.100542],
            [128.765035, 36.100598],
            [128.76452, 36.100657],
            [128.763983, 36.100071],
            [128.76335, 36.099801],
            [128.761873, 36.098919],
            [128.761578, 36.098659],
            [128.760554, 36.098125],
            [128.759486, 36.097571],
            [128.758729, 36.096957],
            [128.758584, 36.096839],
            [128.757628, 36.095754],
            [128.757587, 36.095707],
            [128.757554, 36.09567],
            [128.757361, 36.09496],
            [128.757305, 36.094752],
            [128.757313, 36.094426],
            [128.757323, 36.094023],
            [128.756389, 36.093478],
            [128.755015, 36.092677],
            [128.754776, 36.092358],
            [128.754703, 36.092261],
            [128.754692, 36.092244],
            [128.75469, 36.092241],
            [128.754679, 36.092226],
            [128.754105, 36.0914],
            [128.753673, 36.09078],
            [128.752715, 36.091532],
            [128.751858, 36.091796],
            [128.751337, 36.091789],
            [128.751221, 36.091788],
            [128.750912, 36.091798],
            [128.750265, 36.092068],
            [128.750323, 36.092144],
            [128.751837, 36.094116],
            [128.752271, 36.094931],
            [128.752313, 36.095008],
            [128.752749, 36.095826],
            [128.752572, 36.096514],
            [128.752213, 36.096981],
            [128.752194, 36.09733],
            [128.752657, 36.098064],
            [128.752819, 36.098321],
            [128.752817, 36.098327],
            [128.752762, 36.098524],
            [128.752626, 36.099007],
            [128.752083, 36.099073],
            [128.751522, 36.099142],
            [128.751405, 36.099156],
            [128.751431, 36.099212],
            [128.751432, 36.099214],
            [128.751441, 36.099478],
            [128.751446, 36.099638],
            [128.751394, 36.09989],
            [128.751389, 36.099915],
            [128.751336, 36.100118],
            [128.751334, 36.100123],
            [128.751286, 36.100399],
            [128.751279, 36.100442],
            [128.75128, 36.100447],
            [128.751455, 36.101273],
            [128.75146, 36.101284],
            [128.751721, 36.101802],
            [128.751755, 36.10187],
            [128.751703, 36.102607],
            [128.751664, 36.10291],
            [128.751645, 36.10305],
            [128.751293, 36.103357],
            [128.751239, 36.103425],
            [128.751081, 36.103607],
            [128.751032, 36.103664],
            [128.750465, 36.103894],
            [128.750215, 36.104272],
            [128.749962, 36.104549],
            [128.749571, 36.105195],
            [128.749559, 36.105215],
            [128.74947, 36.105277],
            [128.748918, 36.105663],
            [128.748897, 36.105674],
            [128.748817, 36.105717],
            [128.748779, 36.105756],
            [128.74871, 36.105888],
            [128.748598, 36.106038],
            [128.748354, 36.106412],
            [128.748341, 36.106432],
            [128.747789, 36.106532],
            [128.747785, 36.106533],
            [128.74704, 36.106833],
            [128.746932, 36.107664],
            [128.746891, 36.107972],
            [128.746886, 36.10801],
            [128.745734, 36.109029],
            [128.745607, 36.109074],
            [128.745157, 36.109253],
            [128.745043, 36.109298],
            [128.745013, 36.10931],
            [128.745041, 36.108972],
            [128.745051, 36.108857],
            [128.7451, 36.108328],
            [128.745117, 36.108144],
            [128.745131, 36.107998],
            [128.745142, 36.107879],
            [128.745096, 36.10776],
            [128.745091, 36.107746],
            [128.744938, 36.107349],
            [128.74479, 36.106274],
            [128.744738, 36.105876],
            [128.744726, 36.10579],
            [128.744617, 36.105705],
            [128.744289, 36.105451],
            [128.744507, 36.104873],
            [128.744406, 36.104344],
            [128.744365, 36.104131],
            [128.744108, 36.103651],
            [128.744103, 36.103647],
            [128.74376, 36.103349],
            [128.743855, 36.103095],
            [128.744133, 36.102353],
            [128.744049, 36.102277],
            [128.744015, 36.102246],
            [128.743749, 36.102004],
            [128.743746, 36.102002],
            [128.743033, 36.101787],
            [128.742554, 36.101642],
            [128.74225, 36.101438],
            [128.742055, 36.101097],
            [128.741882, 36.100808],
            [128.740237, 36.099633],
            [128.7398, 36.09957],
            [128.739357, 36.099646],
            [128.738852, 36.099258],
            [128.738414, 36.099228],
            [128.738231, 36.099124],
            [128.736337, 36.099408],
            [128.736288, 36.099396],
            [128.736178, 36.099368],
            [128.736087, 36.099311],
            [128.735787, 36.09914],
            [128.735629, 36.098593],
            [128.735596, 36.098479],
            [128.735384, 36.098187],
            [128.735379, 36.09818],
            [128.735371, 36.09817],
            [128.735374, 36.098167],
            [128.735375, 36.098165],
            [128.735382, 36.098159],
            [128.735861, 36.097696],
            [128.735923, 36.097578],
            [128.736012, 36.097411],
            [128.736109, 36.097019],
            [128.736111, 36.09701],
            [128.736109, 36.097006],
            [128.736096, 36.096987],
            [128.735887, 36.096674],
            [128.73548, 36.095933],
            [128.73546, 36.095897],
            [128.735404, 36.095796],
            [128.735377, 36.095746],
            [128.735292, 36.095585],
            [128.734326, 36.095088],
            [128.734213, 36.09503],
            [128.73361, 36.094261],
            [128.730618, 36.092984],
            [128.730551, 36.092847],
            [128.730439, 36.092771],
            [128.730267, 36.092734],
            [128.730219, 36.092727],
            [128.730039, 36.092698],
            [128.729108, 36.092551],
            [128.729095, 36.092594],
            [128.729144, 36.09269],
            [128.728978, 36.092746],
            [128.72891, 36.092714],
            [128.728659, 36.092807],
            [128.728461, 36.092787],
            [128.728269, 36.092825],
            [128.728183, 36.092792],
            [128.728118, 36.09277],
            [128.727914, 36.092796],
            [128.727814, 36.092806],
            [128.727725, 36.092794],
            [128.727551, 36.092821],
            [128.727509, 36.09279],
            [128.727452, 36.092761],
            [128.727389, 36.092759],
            [128.727334, 36.092799],
            [128.727295, 36.092851],
            [128.727308, 36.092911],
            [128.727323, 36.092969],
            [128.727286, 36.093048],
            [128.727329, 36.093051],
            [128.727313, 36.093066],
            [128.727253, 36.093081],
            [128.727226, 36.093113],
            [128.727168, 36.093148],
            [128.727112, 36.093171],
            [128.727048, 36.093169],
            [128.726966, 36.093169],
            [128.726866, 36.093205],
            [128.726737, 36.093267],
            [128.726542, 36.093227],
            [128.726541, 36.093227],
            [128.726411, 36.09314],
            [128.726367, 36.09311],
            [128.726294, 36.093059],
            [128.72626, 36.093045],
            [128.726235, 36.093035],
            [128.726206, 36.093023],
            [128.726136, 36.093001],
            [128.726065, 36.092993],
            [128.726028, 36.092989],
            [128.726021, 36.092987],
            [128.725973, 36.092972],
            [128.725933, 36.092956],
            [128.725849, 36.092877],
            [128.725819, 36.092849],
            [128.725804, 36.092837],
            [128.725771, 36.09281],
            [128.725767, 36.092806],
            [128.725744, 36.092772],
            [128.725729, 36.092749],
            [128.725671, 36.092711],
            [128.725668, 36.092709],
            [128.725645, 36.092678],
            [128.725644, 36.092677],
            [128.725615, 36.092659],
            [128.725558, 36.092625],
            [128.725558, 36.092624],
            [128.725561, 36.092596],
            [128.725517, 36.092553],
            [128.725502, 36.092524],
            [128.725484, 36.092492],
            [128.725476, 36.092459],
            [128.725408, 36.092413],
            [128.725383, 36.092402],
            [128.725269, 36.092352],
            [128.7252, 36.092294],
            [128.725191, 36.092286],
            [128.725141, 36.092236],
            [128.725066, 36.092201],
            [128.725044, 36.092191],
            [128.725038, 36.09219],
            [128.724988, 36.092182],
            [128.724938, 36.09218],
            [128.72491, 36.092176],
            [128.724808, 36.092158],
            [128.724788, 36.092138],
            [128.724788, 36.092137],
            [128.724678, 36.092125],
            [128.724675, 36.092125],
            [128.724614, 36.092131],
            [128.724568, 36.09212],
            [128.724464, 36.092075],
            [128.72444, 36.092065],
            [128.724427, 36.092039],
            [128.724392, 36.092024],
            [128.724377, 36.091973],
            [128.724351, 36.091916],
            [128.724336, 36.091902],
            [128.724311, 36.091848],
            [128.724292, 36.091807],
            [128.724292, 36.091806],
            [128.724265, 36.091747],
            [128.724265, 36.091716],
            [128.724237, 36.091682],
            [128.724153, 36.091605],
            [128.724101, 36.091549],
            [128.724069, 36.091519],
            [128.724022, 36.091484],
            [128.723928, 36.091437],
            [128.723904, 36.091424],
            [128.723851, 36.091378],
            [128.723838, 36.091367],
            [128.723764, 36.09127],
            [128.723737, 36.091235],
            [128.723727, 36.091222],
            [128.723667, 36.091143],
            [128.723655, 36.091133],
            [128.723644, 36.091124],
            [128.723644, 36.091123],
            [128.723639, 36.091081],
            [128.723629, 36.091068],
            [128.723713, 36.091002],
            [128.723352, 36.090637],
            [128.723332, 36.090574],
            [128.723292, 36.090549],
            [128.723229, 36.090533],
            [128.723201, 36.090537],
            [128.723166, 36.090515],
            [128.723049, 36.090418],
            [128.723048, 36.090418],
            [128.723008, 36.090389],
            [128.722979, 36.090336],
            [128.722958, 36.090296],
            [128.722957, 36.090295],
            [128.722931, 36.090274],
            [128.722929, 36.090269],
            [128.722901, 36.09022],
            [128.722918, 36.090211],
            [128.723205, 36.090058],
            [128.723589, 36.089855],
            [128.723635, 36.08983],
            [128.72407, 36.0896],
            [128.724394, 36.089357],
            [128.724338, 36.089312],
            [128.724363, 36.089294],
            [128.724253, 36.089327],
            [128.724183, 36.089251],
            [128.7239, 36.088944],
            [128.723884, 36.088878],
            [128.723891, 36.088755],
            [128.725489, 36.087825],
            [128.725608, 36.087756],
            [128.725609, 36.087704],
            [128.72561, 36.087601],
            [128.725611, 36.087478],
            [128.725611, 36.087458],
            [128.725614, 36.087077],
            [128.727313, 36.086835],
            [128.727495, 36.08681],
            [128.727584, 36.086622],
            [128.727933, 36.085882],
            [128.728038, 36.085661],
            [128.728046, 36.085644],
            [128.728174, 36.085419],
            [128.728189, 36.085394],
            [128.728098, 36.085113],
            [128.727939, 36.084823],
            [128.727928, 36.084803],
            [128.727955, 36.084693],
            [128.72796, 36.084675],
            [128.728023, 36.084419],
            [128.728031, 36.084386],
            [128.728053, 36.084298],
            [128.728495, 36.084141],
            [128.72857, 36.084114],
            [128.728571, 36.084114],
            [128.728572, 36.084109],
            [128.728607, 36.083846],
            [128.7287, 36.083575],
            [128.728712, 36.083542],
            [128.728733, 36.083514],
            [128.728962, 36.083211],
            [128.729089, 36.083042],
            [128.729257, 36.082805],
            [128.72926, 36.082801],
            [128.729304, 36.082739],
            [128.729166, 36.082527],
            [128.729056, 36.082358],
            [128.7292, 36.081974],
            [128.729386, 36.08097],
            [128.728847, 36.080677],
            [128.728623, 36.080281],
            [128.728483, 36.080175],
            [128.72813, 36.07991],
            [128.727949, 36.079691],
            [128.727705, 36.079395],
            [128.727586, 36.07925],
            [128.72752, 36.07917],
            [128.726775, 36.078733],
            [128.726693, 36.078685],
            [128.726699, 36.078639],
            [128.726727, 36.078419],
            [128.726811, 36.077761],
            [128.726904, 36.077072],
            [128.726397, 36.076615],
            [128.725555, 36.07585],
            [128.725549, 36.075844],
            [128.72553, 36.075842],
            [128.725206, 36.075804],
            [128.725062, 36.075786],
            [128.724636, 36.075733],
            [128.724606, 36.075729],
            [128.724736, 36.075007],
            [128.724826, 36.074507],
            [128.724804, 36.074492],
            [128.724086, 36.073978],
            [128.723799, 36.073739],
            [128.723737, 36.073573],
            [128.723719, 36.073525],
            [128.723443, 36.073451],
            [128.722832, 36.073288],
            [128.722782, 36.073282],
            [128.721819, 36.073173],
            [128.721439, 36.07313],
            [128.721416, 36.073164],
            [128.721011, 36.073758],
            [128.72101, 36.073759],
            [128.720838, 36.0738],
            [128.71972, 36.07402],
            [128.719643, 36.074035],
            [128.719489, 36.074132],
            [128.719261, 36.074276],
            [128.719259, 36.074279],
            [128.719213, 36.074351],
            [128.718927, 36.074803],
            [128.718895, 36.074854],
            [128.718867, 36.074897],
            [128.718851, 36.074911],
            [128.718828, 36.074897],
            [128.718249, 36.074667],
            [128.717827, 36.074499],
            [128.716278, 36.075193],
            [128.71548, 36.075162],
            [128.71518, 36.075356],
            [128.714686, 36.075409],
            [128.714212, 36.075464],
            [128.714039, 36.075484],
            [128.713993, 36.075439],
            [128.71387, 36.075319],
            [128.71376, 36.075211],
            [128.71379, 36.074956],
            [128.713837, 36.074565],
            [128.713842, 36.074523],
            [128.713669, 36.074287],
            [128.713282, 36.073961],
            [128.713042, 36.073358],
            [128.712942, 36.073169],
            [128.712812, 36.072925],
            [128.71322, 36.071806],
            [128.713152, 36.071642],
            [128.713153, 36.07157],
            [128.713137, 36.071545],
            [128.713133, 36.071538],
            [128.713129, 36.071538],
            [128.713065, 36.071535],
            [128.712382, 36.070974],
            [128.712282, 36.070891],
            [128.712229, 36.070847],
            [128.712262, 36.070602],
            [128.71231, 36.07026],
            [128.712311, 36.070024],
            [128.7123, 36.069991],
            [128.712287, 36.06991],
            [128.712269, 36.069798],
            [128.712223, 36.06951],
            [128.712222, 36.069502],
            [128.712204, 36.069463],
            [128.712135, 36.069311],
            [128.711936, 36.068873],
            [128.711858, 36.068823],
            [128.711786, 36.068751],
            [128.711673, 36.068501],
            [128.711653, 36.068454],
            [128.711462, 36.067818],
            [128.71147, 36.067773],
            [128.711478, 36.067716],
            [128.711632, 36.067177],
            [128.711889, 36.066755],
            [128.711893, 36.06675],
            [128.711245, 36.066363],
            [128.711182, 36.066354],
            [128.710919, 36.066314],
            [128.710898, 36.066311],
            [128.710823, 36.066304],
            [128.710279, 36.066251],
            [128.710245, 36.066247],
            [128.709943, 36.066001],
            [128.709862, 36.065934],
            [128.709836, 36.065912],
            [128.709819, 36.065899],
            [128.709923, 36.065432],
            [128.709946, 36.065409],
            [128.709988, 36.065368],
            [128.710119, 36.065238],
            [128.710119, 36.064603],
            [128.710073, 36.064587],
            [128.709911, 36.064531],
            [128.709794, 36.06449],
            [128.709741, 36.064449],
            [128.709639, 36.064373],
            [128.709576, 36.064325],
            [128.709321, 36.064155],
            [128.709208, 36.064096],
            [128.708786, 36.063876],
            [128.708795, 36.06381],
            [128.708806, 36.06373],
            [128.708855, 36.063359],
            [128.708735, 36.063271],
            [128.708305, 36.062958],
            [128.708128, 36.062477],
            [128.708106, 36.06242],
            [128.707813, 36.061601],
            [128.707466, 36.061237],
            [128.707493, 36.061122],
            [128.707495, 36.060935],
            [128.707327, 36.060768],
            [128.707208, 36.060702],
            [128.707092, 36.060638],
            [128.706601, 36.060448],
            [128.706498, 36.060408],
            [128.706459, 36.060363],
            [128.706456, 36.060291],
            [128.706454, 36.060226],
            [128.706398, 36.060126],
            [128.706369, 36.060099],
            [128.706333, 36.060068],
            [128.706299, 36.060038],
            [128.706216, 36.059969],
            [128.706196, 36.059952],
            [128.706182, 36.05994],
            [128.706133, 36.059899],
            [128.706096, 36.059869],
            [128.706047, 36.059812],
            [128.705814, 36.059812],
            [128.70579, 36.059789],
            [128.705748, 36.059748],
            [128.705674, 36.059676],
            [128.705522, 36.059583],
            [128.705406, 36.059513],
            [128.705402, 36.059511],
            [128.705369, 36.059466],
            [128.705362, 36.059461],
            [128.705301, 36.059414],
            [128.705248, 36.05942],
            [128.705197, 36.059425],
            [128.705105, 36.059412],
            [128.704718, 36.059354],
            [128.704717, 36.059354],
            [128.704677, 36.059373],
            [128.704556, 36.059393],
            [128.704505, 36.059398],
            [128.704472, 36.059377],
            [128.704526, 36.059378],
            [128.704603, 36.059349],
            [128.704656, 36.059324],
            [128.704191, 36.058661],
            [128.703931, 36.058289],
            [128.703875, 36.058211],
            [128.703737, 36.058013],
            [128.703735, 36.058011],
            [128.70383, 36.057805],
            [128.703972, 36.057479],
            [128.704044, 36.057313],
            [128.704071, 36.057247],
            [128.70363, 36.056845],
            [128.703165, 36.05642],
            [128.703029, 36.055997],
            [128.70291, 36.055625],
            [128.702874, 36.055511],
            [128.70355, 36.055275],
            [128.703328, 36.054607],
            [128.703315, 36.054566],
            [128.703839, 36.054341],
            [128.703842, 36.05434],
            [128.703818, 36.054291],
            [128.703635, 36.053926],
            [128.703389, 36.053431],
            [128.703303, 36.053259],
            [128.703761, 36.051594],
            [128.703799, 36.051502],
            [128.704283, 36.050332],
            [128.704447, 36.049919],
            [128.704574, 36.0494],
            [128.704704, 36.048869],
            [128.704787, 36.048614],
            [128.704733, 36.048135],
            [128.704676, 36.047628],
            [128.704651, 36.047438],
            [128.70462, 36.047328],
            [128.704548, 36.047072],
            [128.704337, 36.046282],
            [128.704093, 36.045411],
            [128.704106, 36.044405],
            [128.703416, 36.043386],
            [128.703373, 36.043296],
            [128.70261, 36.041731],
            [128.702582, 36.041674],
            [128.702564, 36.041637],
            [128.702402, 36.041563],
            [128.702226, 36.041482],
            [128.702099, 36.041424],
            [128.701841, 36.041424],
            [128.701826, 36.04102],
            [128.701224, 36.040277],
            [128.701082, 36.039776],
            [128.700939, 36.039728],
            [128.700484, 36.039401],
            [128.700047, 36.038881],
            [128.699619, 36.038574],
            [128.699371, 36.038454],
            [128.698801, 36.038177],
            [128.698489, 36.038026],
            [128.698322, 36.037626],
            [128.698317, 36.037615],
            [128.698268, 36.037586],
            [128.69788, 36.037357],
            [128.697437, 36.036953],
            [128.69686, 36.036245],
            [128.696746, 36.035746],
            [128.696732, 36.035683],
            [128.696729, 36.035411],
            [128.696628, 36.035313],
            [128.696443, 36.035133],
            [128.69649, 36.035096],
            [128.697305, 36.034473],
            [128.697436, 36.034171],
            [128.697571, 36.033858],
            [128.697637, 36.033589],
            [128.697836, 36.032772],
            [128.698571, 36.031895],
            [128.69904, 36.03083],
            [128.699119, 36.030166],
            [128.699121, 36.030148],
            [128.69934, 36.029904],
            [128.699582, 36.029632],
            [128.699636, 36.02943],
            [128.699758, 36.028969],
            [128.699839, 36.028655],
            [128.699674, 36.027974],
            [128.699656, 36.027813],
            [128.699621, 36.027509],
            [128.699597, 36.0273],
            [128.699631, 36.027263],
            [128.699802, 36.027081],
            [128.699541, 36.026733],
            [128.699536, 36.026726],
            [128.699131, 36.026187],
            [128.699144, 36.026162],
            [128.699325, 36.025806],
            [128.69936, 36.025737],
            [128.699359, 36.025728],
            [128.699302, 36.025313],
            [128.699009, 36.024959],
            [128.699005, 36.024933],
            [128.69894, 36.024507],
            [128.698773, 36.024333],
            [128.698514, 36.023913],
            [128.698399, 36.023842],
            [128.698307, 36.023785],
            [128.698213, 36.023664],
            [128.697962, 36.023341],
            [128.69793, 36.023097],
            [128.697893, 36.022825],
            [128.697879, 36.022718],
            [128.697867, 36.022702],
            [128.697537, 36.022273],
            [128.697515, 36.022102],
            [128.697472, 36.02176],
            [128.697297, 36.021513],
            [128.69719, 36.021361],
            [128.695798, 36.019488],
            [128.695371, 36.018913],
            [128.695132, 36.018719],
            [128.694846, 36.018487],
            [128.694159, 36.018213],
            [128.694199, 36.018157],
            [128.695393, 36.016455],
            [128.695565, 36.01621],
            [128.695596, 36.016165],
            [128.695889, 36.015776],
            [128.696041, 36.015573],
            [128.696779, 36.01459],
            [128.696779, 36.014266],
            [128.696781, 36.014112],
            [128.696785, 36.013869],
            [128.696787, 36.013769],
            [128.696794, 36.013489],
            [128.696796, 36.013403],
            [128.696801, 36.013172],
            [128.698432, 36.012514],
            [128.699923, 36.011912],
            [128.70059, 36.011441],
            [128.701021, 36.011121],
            [128.701382, 36.010853],
            [128.702682, 36.010573],
            [128.704422, 36.010078],
            [128.706434, 36.00975],
            [128.707282, 36.009714],
            [128.70759, 36.009701],
            [128.708018, 36.009682],
            [128.710815, 36.009303],
            [128.711851, 36.009162],
            [128.712031, 36.00908],
            [128.713013, 36.008632],
            [128.713667, 36.008334],
            [128.714045, 36.008285],
            [128.71487, 36.008179],
            [128.715318, 36.008415],
            [128.715894, 36.008502],
            [128.71669, 36.008209],
            [128.716896, 36.008191],
            [128.717735, 36.008114],
            [128.717865, 36.008127],
            [128.718259, 36.007869],
            [128.718539, 36.007685],
            [128.7186, 36.007668],
            [128.718727, 36.007633],
            [128.720539, 36.007129],
            [128.720884, 36.007033],
            [128.720922, 36.007006],
            [128.721329, 36.00671],
            [128.721267, 36.006576],
            [128.721185, 36.0064],
            [128.721326, 36.00636],
            [128.72164, 36.006271],
            [128.721726, 36.006246],
            [128.721894, 36.006199],
            [128.722319, 36.006161],
            [128.722659, 36.006131],
            [128.723034, 36.005649],
            [128.723312, 36.005473],
            [128.723534, 36.005332],
            [128.724084, 36.004754],
            [128.724489, 36.004298],
            [128.724719, 36.004038],
            [128.725417, 36.003962],
            [128.725673, 36.003949],
            [128.725756, 36.003945],
            [128.725931, 36.00386],
            [128.725933, 36.003859],
            [128.726358, 36.003653],
            [128.726878, 36.003228],
            [128.727358, 36.002467],
            [128.727814, 36.002227],
            [128.728035, 36.001766],
            [128.728519, 36.000878],
            [128.728555, 36.000812],
            [128.728606, 36.000719],
            [128.728456, 36.000007],
            [128.72837, 35.999599],
            [128.728477, 35.999231],
            [128.728594, 35.998828],
            [128.728611, 35.998772],
            [128.728626, 35.99872],
            [128.728465, 35.998578],
            [128.728213, 35.998355],
            [128.728608, 35.998161],
            [128.728824, 35.998055],
            [128.729084, 35.997928],
            [128.730402, 35.997983],
            [128.73082, 35.997762],
            [128.73099, 35.997672],
            [128.731161, 35.997644],
            [128.731873, 35.997527],
            [128.732041, 35.997386],
            [128.732445, 35.997047],
            [128.73262, 35.9969],
            [128.732771, 35.99661],
            [128.733137, 35.995904],
            [128.733619, 35.995564],
            [128.733814, 35.995426],
            [128.733986, 35.995068],
            [128.734204, 35.994615],
            [128.734073, 35.994464],
            [128.73396, 35.994335],
            [128.733819, 35.994173],
            [128.733649, 35.993979],
            [128.733602, 35.993924],
            [128.734147, 35.993503],
            [128.734557, 35.993187],
            [128.734701, 35.993076],
            [128.734856, 35.992956],
            [128.734157, 35.991807],
            [128.734156, 35.991807],
            [128.733164, 35.990688],
            [128.733111, 35.99066],
            [128.733051, 35.990629],
            [128.732064, 35.990107],
            [128.731878, 35.989821],
            [128.731592, 35.989381],
            [128.73149, 35.988468],
            [128.731187, 35.987511],
            [128.731316, 35.986612],
            [128.731401, 35.986014],
            [128.730974, 35.985361],
            [128.731212, 35.985059],
            [128.731838, 35.984264],
            [128.73224, 35.983753],
            [128.732763, 35.983396],
            [128.732935, 35.983279],
            [128.733193, 35.983103],
            [128.7354, 35.982214],
            [128.735955, 35.98176],
            [128.7364, 35.981396],
            [128.736703, 35.981149],
            [128.736953, 35.980403],
            [128.737034, 35.980297],
            [128.737047, 35.98024],
            [128.737283, 35.979165],
            [128.73778, 35.978432],
            [128.738027, 35.977516],
            [128.738545, 35.977054],
            [128.738823, 35.976805],
            [128.739208, 35.976558],
            [128.739403, 35.976565],
            [128.739985, 35.976209],
            [128.740262, 35.975855],
            [128.740276, 35.975837],
            [128.740294, 35.975814],
            [128.740433, 35.975753],
            [128.741524, 35.975269],
            [128.743086, 35.97487],
            [128.743754, 35.974672],
            [128.744155, 35.974172],
            [128.744192, 35.974126],
            [128.744416, 35.97411],
            [128.744745, 35.974124],
            [128.744836, 35.974128],
            [128.745335, 35.974031],
            [128.745835, 35.973501],
            [128.746084, 35.973082],
            [128.746088, 35.973075],
            [128.74621, 35.972869],
            [128.745812, 35.972331],
            [128.745774, 35.97228],
            [128.745722, 35.972039],
            [128.745572, 35.971353],
            [128.745402, 35.969277],
            [128.745397, 35.969219],
            [128.745391, 35.968481],
            [128.745799, 35.967818],
            [128.745944, 35.96761],
            [128.745695, 35.967407],
            [128.745675, 35.967363],
            [128.745658, 35.967345],
            [128.745615, 35.967303],
            [128.745585, 35.967275],
            [128.745525, 35.967215],
            [128.745479, 35.967189],
            [128.745437, 35.967096],
            [128.745371, 35.966947],
            [128.744757, 35.966752],
            [128.744686, 35.966731],
            [128.744312, 35.966619],
            [128.744293, 35.966584],
            [128.744256, 35.966536],
            [128.744206, 35.966461],
            [128.744222, 35.966425],
            [128.744231, 35.966402],
            [128.744218, 35.966369],
            [128.74423, 35.966366],
            [128.744232, 35.966365],
            [128.744233, 35.966364],
            [128.744235, 35.966363],
            [128.744237, 35.966361],
            [128.744237, 35.966355],
            [128.744201, 35.966272],
            [128.7442, 35.96627],
            [128.744198, 35.966268],
            [128.744196, 35.966267],
            [128.744195, 35.966266],
            [128.744188, 35.966266],
            [128.744147, 35.966275],
            [128.744143, 35.966269],
            [128.744144, 35.966269],
            [128.744146, 35.966268],
            [128.744147, 35.966268],
            [128.744149, 35.966267],
            [128.744151, 35.966267],
            [128.744152, 35.966266],
            [128.744153, 35.966264],
            [128.744154, 35.966263],
            [128.74418, 35.966215],
            [128.744181, 35.966214],
            [128.744181, 35.966209],
            [128.74418, 35.966208],
            [128.744179, 35.966206],
            [128.744177, 35.966204],
            [128.744175, 35.966203],
            [128.744173, 35.966203],
            [128.744083, 35.96618],
            [128.744078, 35.966171],
            [128.744093, 35.966138],
            [128.744089, 35.966112],
            [128.74408, 35.966056],
            [128.744068, 35.965958],
            [128.74408, 35.965939],
            [128.744087, 35.965919],
            [128.744079, 35.965886],
            [128.744071, 35.965834],
            [128.744082, 35.965785],
            [128.744094, 35.965764],
            [128.744087, 35.965732],
            [128.744045, 35.965657],
            [128.744059, 35.965653],
            [128.744063, 35.965651],
            [128.744065, 35.965649],
            [128.744066, 35.965647],
            [128.744066, 35.965641],
            [128.744026, 35.965556],
            [128.744026, 35.965555],
            [128.744024, 35.965554],
            [128.744022, 35.965552],
            [128.74402, 35.965551],
            [128.744018, 35.965551],
            [128.744016, 35.96555],
            [128.744015, 35.96555],
            [128.744014, 35.965551],
            [128.744012, 35.965551],
            [128.744007, 35.965552],
            [128.743985, 35.965457],
            [128.743968, 35.965407],
            [128.743944, 35.965373],
            [128.743915, 35.96533],
            [128.743891, 35.965293],
            [128.743874, 35.965236],
            [128.743859, 35.965194],
            [128.743855, 35.965165],
            [128.74386, 35.965121],
            [128.743857, 35.965096],
            [128.743838, 35.965049],
            [128.74378, 35.964902],
            [128.74372, 35.964818],
            [128.743707, 35.964808],
            [128.743726, 35.964809],
            [128.74373, 35.964809],
            [128.743731, 35.964808],
            [128.743733, 35.964808],
            [128.743734, 35.964807],
            [128.743736, 35.964806],
            [128.743737, 35.964804],
            [128.743737, 35.964803],
            [128.743738, 35.964802],
            [128.743738, 35.9648],
            [128.743739, 35.964776],
            [128.74374, 35.964768],
            [128.74374, 35.964765],
            [128.743739, 35.964764],
            [128.743738, 35.964762],
            [128.743737, 35.964761],
            [128.743733, 35.964759],
            [128.74373, 35.964759],
            [128.743693, 35.964756],
            [128.743694, 35.964745],
            [128.743694, 35.964742],
            [128.743693, 35.964741],
            [128.743693, 35.964739],
            [128.743692, 35.964738],
            [128.74369, 35.964737],
            [128.743689, 35.964736],
            [128.743687, 35.964736],
            [128.743686, 35.964735],
            [128.743684, 35.964735],
            [128.743647, 35.964733],
            [128.743523, 35.964725],
            [128.743521, 35.964725],
            [128.743519, 35.964726],
            [128.743517, 35.964726],
            [128.743515, 35.964728],
            [128.743513, 35.964729],
            [128.743512, 35.96473],
            [128.743512, 35.964732],
            [128.743511, 35.964733],
            [128.743511, 35.964777],
            [128.74348, 35.964777],
            [128.743462, 35.964766],
            [128.743453, 35.964757],
            [128.743441, 35.964629],
            [128.743422, 35.964581],
            [128.743403, 35.964522],
            [128.743393, 35.964483],
            [128.743385, 35.964457],
            [128.743374, 35.964382],
            [128.743369, 35.964329],
            [128.743424, 35.964254],
            [128.743438, 35.964236],
            [128.743455, 35.96418],
            [128.743469, 35.964163],
            [128.743476, 35.964151],
            [128.74349, 35.964116],
            [128.743494, 35.964046],
            [128.743506, 35.964007],
            [128.74352, 35.96396],
            [128.743538, 35.96395],
            [128.743618, 35.963908],
            [128.74368, 35.963848],
            [128.743709, 35.963798],
            [128.74371, 35.963786],
            [128.743659, 35.963745],
            [128.743638, 35.963734],
            [128.74363, 35.96373],
            [128.743607, 35.963713],
            [128.74359, 35.963707],
            [128.743581, 35.963691],
            [128.743577, 35.96368],
            [128.743577, 35.963667],
            [128.743544, 35.963648],
            [128.743452, 35.963661],
            [128.743384, 35.963635],
            [128.743329, 35.96361],
            [128.743307, 35.963595],
            [128.743302, 35.963587],
            [128.7433, 35.963525],
            [128.743306, 35.963463],
            [128.743313, 35.963422],
            [128.743315, 35.963411],
            [128.74332, 35.963371],
            [128.743331, 35.963313],
            [128.743338, 35.963289],
            [128.743359, 35.963209],
            [128.743373, 35.963164],
            [128.743376, 35.963151],
            [128.743394, 35.963122],
            [128.743403, 35.96311],
            [128.743385, 35.963067],
            [128.743377, 35.963021],
            [128.74336, 35.962968],
            [128.743345, 35.962938],
            [128.743321, 35.962876],
            [128.743297, 35.962813],
            [128.743328, 35.962709],
            [128.743328, 35.962618],
            [128.743345, 35.962564],
            [128.743334, 35.962559],
            [128.743351, 35.962484],
            [128.743363, 35.96244],
            [128.743376, 35.962397],
            [128.743379, 35.962345],
            [128.743414, 35.962253],
            [128.743416, 35.962223],
            [128.743381, 35.962162],
            [128.743361, 35.96213],
            [128.743249, 35.961842],
            [128.74302, 35.961227],
            [128.742878, 35.96106],
            [128.742877, 35.960858],
            [128.742871, 35.960584],
            [128.743017, 35.960275],
            [128.742995, 35.959945],
            [128.742973, 35.959913],
            [128.74291, 35.95982],
            [128.742792, 35.959643],
            [128.74248, 35.959268],
            [128.741879, 35.958832],
            [128.741149, 35.958601],
            [128.74112, 35.958592],
            [128.741046, 35.958552],
            [128.74031, 35.958147],
            [128.739907, 35.957668],
            [128.739612, 35.957588],
            [128.739537, 35.957445],
            [128.73905, 35.957285],
            [128.738906, 35.957237],
            [128.738572, 35.956814],
            [128.738538, 35.956694],
            [128.738351, 35.95652],
            [128.738338, 35.956503],
            [128.738275, 35.956419],
            [128.73804, 35.956106],
            [128.737961, 35.955943],
            [128.738127, 35.955841],
            [128.73828, 35.955746],
            [128.738764, 35.955446],
            [128.739144, 35.95521],
            [128.739811, 35.954797],
            [128.739963, 35.954533],
            [128.740671, 35.953305],
            [128.74081, 35.952486],
            [128.740944, 35.951618],
            [128.741237, 35.951335],
            [128.741451, 35.951208],
            [128.741771, 35.951017],
            [128.741699, 35.950777],
            [128.741632, 35.950555],
            [128.741622, 35.950522],
            [128.742439, 35.949601],
            [128.742297, 35.949065],
            [128.742247, 35.947793],
            [128.743272, 35.947148],
            [128.743577, 35.946801],
            [128.743464, 35.945513],
            [128.743502, 35.945419],
            [128.74363, 35.945106],
            [128.743704, 35.944925],
            [128.743801, 35.94468],
            [128.744087, 35.943958],
            [128.744036, 35.943774],
            [128.743814, 35.942978],
            [128.743178, 35.942394],
            [128.743176, 35.942392],
            [128.743048, 35.942275],
            [128.742773, 35.941862],
            [128.741513, 35.939965],
            [128.74093, 35.939164],
            [128.739949, 35.937762],
            [128.7399, 35.937693],
            [128.73984, 35.937607],
            [128.739838, 35.937604],
            [128.739835, 35.9376],
            [128.739767, 35.937503],
            [128.739745, 35.937472],
            [128.740815, 35.936867],
            [128.740818, 35.936866],
            [128.740813, 35.936865],
            [128.740193, 35.936799],
            [128.739699, 35.93564],
            [128.739453, 35.93506],
            [128.739382, 35.935027],
            [128.739, 35.934765],
            [128.738073, 35.93413],
            [128.738167, 35.933421],
            [128.738213, 35.933067],
            [128.738268, 35.932582],
            [128.73843, 35.931125],
            [128.738341, 35.930519],
            [128.738285, 35.930436],
            [128.737914, 35.929885],
            [128.737875, 35.929827],
            [128.737701, 35.929568],
            [128.737251, 35.929728],
            [128.736734, 35.929642],
            [128.736672, 35.929631],
            [128.736709, 35.929574],
            [128.736771, 35.929478],
            [128.73737, 35.928551],
            [128.737646, 35.928103],
            [128.73817, 35.927558],
            [128.738735, 35.926954],
            [128.738928, 35.926753],
            [128.739356, 35.926358],
            [128.740096, 35.925661],
            [128.74058, 35.924803],
            [128.740704, 35.924586],
            [128.740849, 35.924354],
            [128.740975, 35.92415],
            [128.74105, 35.924031],
            [128.741124, 35.923912],
            [128.742546, 35.921436],
            [128.742552, 35.921411],
            [128.742556, 35.921398],
            [128.742647, 35.921052],
            [128.742666, 35.920651],
            [128.742677, 35.920399],
            [128.742831, 35.920284],
            [128.742912, 35.920222],
            [128.744027, 35.919385],
            [128.745299, 35.918932],
            [128.745593, 35.918606],
            [128.747047, 35.918415],
            [128.748494, 35.91788],
            [128.748883, 35.917477],
            [128.749993, 35.917485],
            [128.750875, 35.916788],
            [128.751037, 35.916782],
            [128.751324, 35.916771],
            [128.7522, 35.916737],
            [128.752293, 35.916674],
            [128.752436, 35.916578],
            [128.752958, 35.916208],
            [128.753323, 35.916077],
            [128.753834, 35.915893],
            [128.754028, 35.915719],
            [128.754287, 35.915485],
            [128.754824, 35.915301],
            [128.754865, 35.915275],
            [128.755148, 35.915098],
            [128.755244, 35.915038],
            [128.755296, 35.915005],
            [128.755339, 35.914932],
            [128.755402, 35.914825],
            [128.755456, 35.914733],
            [128.755508, 35.914645],
            [128.75556, 35.914556],
            [128.755652, 35.914399],
            [128.755696, 35.914309],
            [128.755756, 35.914186],
            [128.756206, 35.913775],
            [128.756392, 35.913606],
            [128.756489, 35.913519],
            [128.756546, 35.913467],
            [128.756541, 35.913289],
            [128.756565, 35.913026],
            [128.756937, 35.912684],
            [128.757095, 35.912378],
            [128.757419, 35.911753],
            [128.757316, 35.911583],
            [128.757245, 35.911464],
            [128.757578, 35.910865],
            [128.75752, 35.910724],
            [128.757416, 35.910468],
            [128.757426, 35.910462],
            [128.75744, 35.910453],
            [128.75776, 35.910245],
            [128.75778, 35.910228],
            [128.758068, 35.909993],
            [128.758304, 35.909521],
            [128.758414, 35.908874],
            [128.759179, 35.908301],
            [128.759322, 35.907964],
            [128.759389, 35.907805],
            [128.759446, 35.907586],
            [128.759496, 35.907396],
            [128.759801, 35.906833],
            [128.759307, 35.906622],
            [128.75792, 35.906029],
            [128.757879, 35.905982],
            [128.757768, 35.905855],
            [128.757618, 35.905608],
            [128.75703, 35.905132],
            [128.756735, 35.904667],
            [128.756684, 35.904352],
            [128.756617, 35.903943],
            [128.756556, 35.903566],
            [128.756666, 35.903294],
            [128.75669, 35.903235],
            [128.756669, 35.902891],
            [128.756665, 35.90283],
            [128.756628, 35.902589],
            [128.756699, 35.90252],
            [128.756864, 35.902359],
            [128.756986, 35.901833],
            [128.756984, 35.90182],
            [128.756925, 35.901286],
            [128.756833, 35.900848],
            [128.756938, 35.900288],
            [128.756976, 35.90008],
            [128.757018, 35.899843],
            [128.75714, 35.899149],
            [128.757235, 35.898604],
            [128.757261, 35.898349],
            [128.757285, 35.898098],
            [128.757286, 35.897812],
            [128.757286, 35.897673],
            [128.757287, 35.897621],
            [128.757287, 35.897586],
            [128.757374, 35.897153],
            [128.757458, 35.897005],
            [128.757585, 35.896784],
            [128.7576, 35.896757],
            [128.757597, 35.896738],
            [128.757507, 35.896266],
            [128.757613, 35.895944],
            [128.757626, 35.895902],
            [128.757812, 35.895335],
            [128.757823, 35.895319],
            [128.758062, 35.895031],
            [128.758111, 35.894972],
            [128.758232, 35.894882],
            [128.758309, 35.894825],
            [128.75856, 35.894646],
            [128.758583, 35.89463],
            [128.758584, 35.894578],
            [128.758586, 35.894499],
            [128.758588, 35.894419],
            [128.758789, 35.893974],
            [128.75894, 35.893641],
            [128.759124, 35.893233],
            [128.759153, 35.89317],
            [128.759385, 35.892608],
            [128.759486, 35.892355],
            [128.759487, 35.892353],
            [128.759537, 35.892227],
            [128.759997, 35.891327],
            [128.760106, 35.891097],
            [128.760187, 35.890926],
            [128.760197, 35.890903],
            [128.760205, 35.890888],
            [128.760218, 35.890861],
            [128.760327, 35.890793],
            [128.760531, 35.890668],
            [128.760678, 35.890494],
            [128.760779, 35.890376],
            [128.760852, 35.89029],
            [128.760979, 35.89014],
            [128.761409, 35.889904],
            [128.761527, 35.889839],
            [128.761614, 35.889791],
            [128.761614, 35.88979],
            [128.761766, 35.889707],
            [128.762119, 35.889128],
            [128.762119, 35.889127],
            [128.762296, 35.888837],
            [128.762693, 35.888498],
            [128.762286, 35.888435],
            [128.762254, 35.888429],
            [128.762231, 35.888431],
            [128.762198, 35.888433],
            [128.762176, 35.888444],
            [128.762133, 35.888466],
            [128.76209, 35.888448],
            [128.762085, 35.888446],
            [128.762059, 35.888439],
            [128.762073, 35.888411],
            [128.762057, 35.888397],
            [128.762032, 35.888377],
            [128.762021, 35.888369],
            [128.762013, 35.888364],
            [128.761966, 35.888331],
            [128.761848, 35.888248],
            [128.761816, 35.888219],
            [128.761805, 35.888209],
            [128.761771, 35.888176],
            [128.761753, 35.888158],
            [128.761738, 35.888125],
            [128.761715, 35.888072],
            [128.761662, 35.888043],
            [128.761578, 35.887997],
            [128.761517, 35.887879],
            [128.761513, 35.887876],
            [128.761482, 35.887854],
            [128.761426, 35.887851],
            [128.761267, 35.887843],
            [128.761266, 35.887824],
            [128.761293, 35.887723],
            [128.761307, 35.887651],
            [128.761304, 35.887585],
            [128.761332, 35.887521],
            [128.761358, 35.887467],
            [128.761379, 35.887425],
            [128.761428, 35.887322],
            [128.761426, 35.887317],
            [128.761402, 35.887275],
            [128.761382, 35.887238],
            [128.761341, 35.887164],
            [128.761318, 35.887124],
            [128.761318, 35.887123],
            [128.761286, 35.887066],
            [128.761319, 35.887054],
            [128.761364, 35.887039],
            [128.76135, 35.886964],
            [128.761333, 35.886865],
            [128.761345, 35.886824],
            [128.76135, 35.886826],
            [128.761369, 35.886833],
            [128.761395, 35.886723],
            [128.761398, 35.886615],
            [128.7614, 35.886549],
            [128.761369, 35.886525],
            [128.761338, 35.8865],
            [128.761226, 35.886338],
            [128.761159, 35.886295],
            [128.761122, 35.886054],
            [128.761004, 35.885835],
            [128.761005, 35.885801],
            [128.760985, 35.885802],
            [128.760978, 35.885802],
            [128.760961, 35.885616],
            [128.760971, 35.885583],
            [128.760982, 35.885522],
            [128.760996, 35.885449],
            [128.760999, 35.885439],
            [128.76101, 35.88541],
            [128.761064, 35.885351],
            [128.761118, 35.885286],
            [128.761153, 35.885262],
            [128.761151, 35.885261],
            [128.761097, 35.88525],
            [128.761031, 35.885156],
            [128.760991, 35.885069],
            [128.761, 35.885047],
            [128.761004, 35.885037],
            [128.76098, 35.885001],
            [128.760984, 35.884946],
            [128.760963, 35.884888],
            [128.760954, 35.884861],
            [128.760942, 35.88483],
            [128.760934, 35.884471],
            [128.760959, 35.884076],
            [128.760964, 35.884006],
            [128.760964, 35.884003],
            [128.760995, 35.883512],
            [128.760815, 35.882987],
            [128.760662, 35.882521],
            [128.760602, 35.88245],
            [128.760574, 35.882412],
            [128.760412, 35.882187],
            [128.760228, 35.88193],
            [128.760163, 35.881535],
            [128.760109, 35.881458],
            [128.759932, 35.881206],
            [128.759811, 35.881033],
            [128.759612, 35.880746],
            [128.759536, 35.880631],
            [128.759464, 35.88052],
            [128.759403, 35.880426],
            [128.759376, 35.880384],
            [128.759092, 35.880072],
            [128.759013, 35.879815],
            [128.758971, 35.879676],
            [128.758838, 35.879383],
            [128.758961, 35.879],
            [128.758732, 35.878553],
            [128.75809, 35.878023],
            [128.758062, 35.878026],
            [128.757861, 35.878045],
            [128.757841, 35.87803],
            [128.757822, 35.878016],
            [128.757806, 35.878028],
            [128.757745, 35.878071],
            [128.75772, 35.878082],
            [128.757684, 35.878098],
            [128.757671, 35.878094],
            [128.757626, 35.878082],
            [128.757589, 35.878061],
            [128.75749, 35.878005],
            [128.757409, 35.877967],
            [128.757376, 35.877961],
            [128.757176, 35.877872],
            [128.757157, 35.877872],
            [128.757099, 35.877871],
            [128.75707, 35.877866],
            [128.757035, 35.87786],
            [128.757031, 35.877861],
            [128.757009, 35.877867],
            [128.757006, 35.877867],
            [128.756987, 35.877866],
            [128.756981, 35.877866],
            [128.756956, 35.877856],
            [128.756952, 35.877853],
            [128.756924, 35.877833],
            [128.756934, 35.87782],
            [128.75694, 35.877811],
            [128.756954, 35.877745],
            [128.756959, 35.877689],
            [128.75696, 35.877678],
            [128.756978, 35.87763],
            [128.756997, 35.877617],
            [128.757036, 35.877591],
            [128.757097, 35.877541],
            [128.757133, 35.877482],
            [128.757136, 35.877477],
            [128.757149, 35.877467],
            [128.757185, 35.877442],
            [128.757202, 35.877447],
            [128.757208, 35.877388],
            [128.757203, 35.877357],
            [128.757203, 35.877354],
            [128.757189, 35.877254],
            [128.757211, 35.877122],
            [128.757236, 35.877047],
            [128.757266, 35.876956],
            [128.75728, 35.876896],
            [128.757285, 35.876868],
            [128.757327, 35.876723],
            [128.757379, 35.876607],
            [128.75738, 35.876605],
            [128.757398, 35.876561],
            [128.757398, 35.876559],
            [128.757437, 35.876506],
            [128.757438, 35.876505],
            [128.757439, 35.876465],
            [128.757441, 35.876426],
            [128.757445, 35.876418],
            [128.757465, 35.876373],
            [128.757485, 35.876326],
            [128.757475, 35.876297],
            [128.757471, 35.876283],
            [128.757461, 35.876255],
            [128.757423, 35.876145],
            [128.757422, 35.876127],
            [128.757422, 35.876108],
            [128.757421, 35.876101],
            [128.757426, 35.876096],
            [128.757429, 35.876062],
            [128.757515, 35.875967],
            [128.757584, 35.875962],
            [128.757602, 35.875961],
            [128.757619, 35.875964],
            [128.757624, 35.875972],
            [128.757647, 35.875973],
            [128.757726, 35.875999],
            [128.757737, 35.876028],
            [128.757791, 35.876035],
            [128.757852, 35.876046],
            [128.757858, 35.87604],
            [128.7579, 35.876052],
            [128.757908, 35.876057],
            [128.757996, 35.876075],
            [128.758009, 35.87608],
            [128.75802, 35.876073],
            [128.758079, 35.876095],
            [128.758081, 35.876093],
            [128.758161, 35.876119],
            [128.758225, 35.876132],
            [128.75823, 35.876136],
            [128.758235, 35.876155],
            [128.75836, 35.87618],
            [128.75842, 35.876188],
            [128.758562, 35.876209],
            [128.758718, 35.876207],
            [128.758738, 35.876182],
            [128.758802, 35.876145],
            [128.758862, 35.87611],
            [128.758935, 35.87606],
            [128.758955, 35.876041],
            [128.758933, 35.876017],
            [128.758947, 35.876004],
            [128.75901, 35.875961],
            [128.759013, 35.875959],
            [128.759018, 35.875957],
            [128.75903, 35.875952],
            [128.759061, 35.875976],
            [128.759098, 35.875963],
            [128.759128, 35.875953],
            [128.759162, 35.875942],
            [128.759304, 35.875858],
            [128.759308, 35.875855],
            [128.759327, 35.875844],
            [128.759371, 35.875804],
            [128.759377, 35.875798],
            [128.759401, 35.875789],
            [128.759434, 35.875778],
            [128.759443, 35.875774],
            [128.759476, 35.875762],
            [128.759535, 35.875741],
            [128.759539, 35.875741],
            [128.759568, 35.875737],
            [128.759624, 35.875731],
            [128.759725, 35.875688],
            [128.759758, 35.87567],
            [128.759801, 35.875647],
            [128.759837, 35.875628],
            [128.759867, 35.875612],
            [128.759887, 35.875596],
            [128.759932, 35.875559],
            [128.759985, 35.875516],
            [128.759995, 35.875499],
            [128.759995, 35.875498],
            [128.759996, 35.875496],
            [128.760072, 35.875371],
            [128.760073, 35.87537],
            [128.760135, 35.875299],
            [128.760191, 35.875248],
            [128.760259, 35.875214],
            [128.760408, 35.875161],
            [128.760473, 35.875145],
            [128.760501, 35.875139],
            [128.760551, 35.87512],
            [128.760576, 35.875082],
            [128.760596, 35.87505],
            [128.760604, 35.875039],
            [128.760618, 35.875022],
            [128.760643, 35.874996],
            [128.760657, 35.874981],
            [128.760663, 35.874974],
            [128.760719, 35.874937],
            [128.760734, 35.874927],
            [128.760735, 35.874926],
            [128.760757, 35.874912],
            [128.760875, 35.874853],
            [128.760916, 35.874834],
            [128.760993, 35.874805],
            [128.761047, 35.874771],
            [128.761104, 35.874735],
            [128.76111, 35.874729],
            [128.761155, 35.874682],
            [128.761159, 35.874606],
            [128.761164, 35.874485],
            [128.761191, 35.874436],
            [128.761186, 35.874421],
            [128.761254, 35.874404],
            [128.761222, 35.874318],
            [128.761211, 35.8743],
            [128.761167, 35.874224],
            [128.761134, 35.87419],
            [128.761078, 35.874131],
            [128.761042, 35.874104],
            [128.761005, 35.874077],
            [128.760967, 35.874051],
            [128.760927, 35.874026],
            [128.760895, 35.873981],
            [128.76087, 35.873916],
            [128.760831, 35.87389],
            [128.760701, 35.873868],
            [128.760578, 35.873854],
            [128.760455, 35.873848],
            [128.760389, 35.873828],
            [128.760249, 35.873792],
            [128.760182, 35.873744],
            [128.760125, 35.873714],
            [128.760038, 35.873628],
            [128.759959, 35.873542],
            [128.759918, 35.873496],
            [128.759856, 35.873428],
            [128.759799, 35.873376],
            [128.759794, 35.873371],
            [128.759732, 35.87325],
            [128.759727, 35.873223],
            [128.759677, 35.8731],
            [128.759623, 35.873074],
            [128.759568, 35.873021],
            [128.759548, 35.873001],
            [128.759522, 35.872914],
            [128.759521, 35.87284],
            [128.759523, 35.872796],
            [128.759526, 35.872772],
            [128.759549, 35.872642],
            [128.759556, 35.872605],
            [128.759582, 35.872511],
            [128.759592, 35.872468],
            [128.759588, 35.872418],
            [128.759583, 35.872327],
            [128.75958, 35.872255],
            [128.759586, 35.87211],
            [128.759586, 35.871966],
            [128.759552, 35.871771],
            [128.759527, 35.871675],
            [128.759494, 35.871601],
            [128.759479, 35.871472],
            [128.759488, 35.871445],
            [128.759481, 35.871412],
            [128.759472, 35.871361],
            [128.759425, 35.871295],
            [128.759386, 35.871234],
            [128.759332, 35.871167],
            [128.759306, 35.871134],
            [128.759299, 35.871125],
            [128.75926, 35.871087],
            [128.759182, 35.87102],
            [128.759057, 35.870921],
            [128.758975, 35.870841],
            [128.758938, 35.870796],
            [128.758908, 35.870733],
            [128.758844, 35.870607],
            [128.758738, 35.870501],
            [128.758671, 35.870461],
            [128.758515, 35.870385],
            [128.758507, 35.870382],
            [128.758366, 35.870324],
            [128.758288, 35.870273],
            [128.758244, 35.870234],
            [128.758188, 35.870177],
            [128.758057, 35.870212],
            [128.757751, 35.870041],
            [128.75773, 35.870029],
            [128.757752, 35.870024],
            [128.757761, 35.870016],
            [128.757802, 35.869985],
            [128.758055, 35.869791],
            [128.758144, 35.869723],
            [128.758194, 35.869685],
            [128.75829, 35.869611],
            [128.758676, 35.86941],
            [128.759131, 35.869176],
            [128.759479, 35.868992],
            [128.759575, 35.868941],
            [128.759637, 35.868835],
            [128.759811, 35.868549],
            [128.759843, 35.868502],
            [128.759871, 35.86846],
            [128.759862, 35.868408],
            [128.759861, 35.8684],
            [128.759849, 35.868327],
            [128.759843, 35.868291],
            [128.75981, 35.86809],
            [128.759809, 35.868038],
            [128.759806, 35.867912],
            [128.759805, 35.86776],
            [128.759805, 35.867722],
            [128.759804, 35.867673],
            [128.759802, 35.867481],
            [128.759802, 35.867363],
            [128.759806, 35.867254],
            [128.759806, 35.867252],
            [128.759807, 35.867241],
            [128.759816, 35.866979],
            [128.759817, 35.866886],
            [128.759818, 35.866859],
            [128.759818, 35.866803],
            [128.759819, 35.866784],
            [128.759816, 35.866699],
            [128.759816, 35.866689],
            [128.759815, 35.866677],
            [128.759811, 35.866549],
            [128.759811, 35.866539],
            [128.75981, 35.866516],
            [128.75981, 35.866504],
            [128.759809, 35.866472],
            [128.759808, 35.866452],
            [128.759806, 35.86639],
            [128.759803, 35.866304],
            [128.7598, 35.866201],
            [128.759798, 35.866154],
            [128.759795, 35.866075],
            [128.759423, 35.865849],
            [128.75926, 35.865741],
            [128.758813, 35.865532],
            [128.758346, 35.865313],
            [128.757956, 35.865138],
            [128.757731, 35.865038],
            [128.757555, 35.864953],
            [128.757373, 35.864865],
            [128.757301, 35.86483],
            [128.757261, 35.864811],
            [128.757119, 35.864742],
            [128.756879, 35.864627],
            [128.756787, 35.864582],
            [128.756489, 35.864439],
            [128.756372, 35.86438],
            [128.756345, 35.864367],
            [128.755926, 35.864158],
            [128.755601, 35.863946],
            [128.755348, 35.86378],
            [128.755174, 35.863625],
            [128.755144, 35.863606],
            [128.755098, 35.863577],
            [128.755073, 35.863548],
            [128.755044, 35.863514],
            [128.754904, 35.863341],
            [128.754836, 35.863263],
            [128.754914, 35.863172],
            [128.754995, 35.863081],
            [128.755064, 35.863003],
            [128.755026, 35.862971],
            [128.754871, 35.862847],
            [128.754683, 35.862696],
            [128.754563, 35.862598],
            [128.754524, 35.862565],
            [128.754422, 35.862489],
            [128.75434, 35.862422],
            [128.754249, 35.862339],
            [128.754201, 35.862296],
            [128.754173, 35.862272],
            [128.75402, 35.862136],
            [128.754012, 35.862129],
            [128.754, 35.862111],
            [128.753951, 35.862034],
            [128.75392, 35.861984],
            [128.753897, 35.861948],
            [128.753766, 35.861734],
            [128.753735, 35.861684],
            [128.753703, 35.861648],
            [128.753669, 35.861611],
            [128.75363, 35.861564],
            [128.753566, 35.86149],
            [128.75345, 35.861356],
            [128.753333, 35.861222],
            [128.753294, 35.861176],
            [128.75326, 35.861136],
            [128.753185, 35.86105],
            [128.753174, 35.861038],
            [128.753157, 35.861019],
            [128.753122, 35.860981],
            [128.753067, 35.860917],
            [128.752986, 35.86081],
            [128.752898, 35.860691],
            [128.752854, 35.860633],
            [128.752659, 35.860376],
            [128.75264, 35.860349],
            [128.752632, 35.860338],
            [128.752579, 35.860237],
            [128.752513, 35.860096],
            [128.752475, 35.860018],
            [128.752447, 35.859961],
            [128.752404, 35.859872],
            [128.75237, 35.859806],
            [128.752309, 35.859725],
            [128.752243, 35.859637],
            [128.752081, 35.85945],
            [128.751921, 35.859263],
            [128.751905, 35.859244],
            [128.751866, 35.859196],
            [128.751816, 35.859138],
            [128.751811, 35.859099],
            [128.751573, 35.858883],
            [128.751436, 35.85851],
            [128.751396, 35.858457],
            [128.751256, 35.858231],
            [128.7511, 35.857993],
            [128.75109, 35.857969],
            [128.751009, 35.857851],
            [128.750877, 35.857647],
            [128.750752, 35.857509],
            [128.750579, 35.857438],
            [128.750452, 35.857404],
            [128.750276, 35.857366],
            [128.749817, 35.857262],
            [128.749743, 35.857235],
            [128.749481, 35.857142],
            [128.74902, 35.856972],
            [128.748954, 35.856947],
            [128.748579, 35.856809],
            [128.748183, 35.856671],
            [128.747897, 35.856569],
            [128.747672, 35.856514],
            [128.747481, 35.856465],
            [128.746969, 35.856274],
            [128.746866, 35.856237],
            [128.746755, 35.856199],
            [128.746617, 35.856134],
            [128.746287, 35.856027],
            [128.746121, 35.856019],
            [128.745837, 35.855953],
            [128.745671, 35.855904],
            [128.745553, 35.855878],
            [128.745489, 35.855864],
            [128.745268, 35.855748],
            [128.745234, 35.855729],
            [128.745179, 35.855697],
            [128.744813, 35.855324],
            [128.744773, 35.855237],
            [128.744749, 35.855185],
            [128.744669, 35.855057],
            [128.744577, 35.854907],
            [128.744478, 35.854814],
            [128.744215, 35.854681],
            [128.743912, 35.854543],
            [128.743558, 35.854373],
            [128.743465, 35.854328],
            [128.743363, 35.854281],
            [128.743177, 35.854149],
            [128.742983, 35.854037],
            [128.74201, 35.85343],
            [128.741809, 35.853329],
            [128.741632, 35.853188],
            [128.741536, 35.853111],
            [128.741474, 35.853062],
            [128.741248, 35.852927],
            [128.741179, 35.852886],
            [128.74102, 35.852749],
            [128.74098, 35.852698],
            [128.740956, 35.852668],
            [128.740847, 35.852507],
            [128.740825, 35.852316],
            [128.740823, 35.852269],
            [128.740323, 35.852201],
            [128.740172, 35.85213],
            [128.739882, 35.851994],
            [128.739231, 35.851637],
            [128.738952, 35.851493],
            [128.738651, 35.851339],
            [128.738572, 35.851298],
            [128.737802, 35.851203],
            [128.737581, 35.851176],
            [128.737454, 35.851161],
            [128.737239, 35.851183],
            [128.737017, 35.851207],
            [128.736282, 35.851285],
            [128.735233, 35.85142],
            [128.73519, 35.851424],
            [128.73502, 35.851442],
            [128.734648, 35.851664],
            [128.734434, 35.851775],
            [128.734181, 35.851923],
            [128.733855, 35.852113],
            [128.733772, 35.852162],
            [128.733703, 35.852202],
            [128.733693, 35.852208],
            [128.733469, 35.852339],
            [128.733003, 35.85273],
            [128.732743, 35.852948],
            [128.732716, 35.852973],
            [128.732655, 35.853032],
            [128.732221, 35.853365],
            [128.732086, 35.853468],
            [128.732052, 35.853493],
            [128.731927, 35.853588],
            [128.731799, 35.853685],
            [128.731681, 35.853802],
            [128.731636, 35.853846],
            [128.731634, 35.853848],
            [128.731483, 35.853996],
            [128.731106, 35.854232],
            [128.730511, 35.854611],
            [128.730476, 35.854633],
            [128.729967, 35.854943],
            [128.729659, 35.855075],
            [128.728995, 35.855464],
            [128.727675, 35.856237],
            [128.726615, 35.856856],
            [128.726124, 35.857276],
            [128.725598, 35.857727],
            [128.725515, 35.857797],
            [128.725511, 35.857801],
            [128.725334, 35.85775],
            [128.725104, 35.857818],
            [128.725007, 35.857847],
            [128.724794, 35.857939],
            [128.724351, 35.857999],
            [128.724146, 35.857983],
            [128.724084, 35.857959],
            [128.724039, 35.857925],
            [128.723984, 35.857884],
            [128.723921, 35.857862],
            [128.723877, 35.857846],
            [128.723785, 35.857792],
            [128.723727, 35.857786],
            [128.723653, 35.857778],
            [128.723605, 35.857781],
            [128.723556, 35.857784],
            [128.723168, 35.857878],
            [128.723136, 35.857875],
            [128.723054, 35.857869],
            [128.722994, 35.857844],
            [128.722958, 35.857775],
            [128.722883, 35.857685],
            [128.722831, 35.857622],
            [128.722753, 35.85743],
            [128.722729, 35.85729],
            [128.72267, 35.857162],
            [128.722435, 35.857069],
            [128.722399, 35.857071],
            [128.722385, 35.857071],
            [128.722294, 35.857049],
            [128.721874, 35.856948],
            [128.721947, 35.856845],
            [128.722034, 35.856722],
            [128.722065, 35.856669],
            [128.722137, 35.856594],
            [128.722157, 35.856572],
            [128.722251, 35.856463],
            [128.722311, 35.856393],
            [128.722373, 35.856292],
            [128.722402, 35.856262],
            [128.722572, 35.856143],
            [128.722657, 35.856044],
            [128.72265, 35.85599],
            [128.722634, 35.855859],
            [128.722635, 35.855813],
            [128.722635, 35.855745],
            [128.722652, 35.855638],
            [128.722693, 35.855619],
            [128.722695, 35.855569],
            [128.72272, 35.855506],
            [128.722745, 35.855445],
            [128.723075, 35.85533],
            [128.723718, 35.854974],
            [128.724162, 35.854813],
            [128.724407, 35.854631],
            [128.724444, 35.854567],
            [128.724563, 35.854364],
            [128.724766, 35.854244],
            [128.724844, 35.854197],
            [128.724908, 35.854159],
            [128.725145, 35.854],
            [128.725424, 35.853813],
            [128.725448, 35.853768],
            [128.725446, 35.853757],
            [128.725432, 35.853699],
            [128.725375, 35.853632],
            [128.725353, 35.853606],
            [128.725335, 35.853539],
            [128.725269, 35.853485],
            [128.725267, 35.853484],
            [128.725264, 35.853481],
            [128.725258, 35.853477],
            [128.725159, 35.853395],
            [128.725134, 35.853375],
            [128.725121, 35.853364],
            [128.725101, 35.853348],
            [128.725041, 35.853322],
            [128.724971, 35.853291],
            [128.724952, 35.853258],
            [128.724904, 35.853174],
            [128.724896, 35.853159],
            [128.724891, 35.85315],
            [128.724894, 35.853014],
            [128.725286, 35.852794],
            [128.725336, 35.852766],
            [128.725365, 35.85275],
            [128.725626, 35.851777],
            [128.725658, 35.851597],
            [128.725661, 35.851307],
            [128.725626, 35.850901],
            [128.725577, 35.850343],
            [128.725565, 35.850202],
            [128.725678, 35.849922],
            [128.725955, 35.849234],
            [128.726484, 35.84812],
            [128.726534, 35.848005],
            [128.726798, 35.847384],
            [128.726872, 35.847212],
            [128.726906, 35.846947],
            [128.726965, 35.846501],
            [128.726862, 35.846192],
            [128.726775, 35.84589],
            [128.726703, 35.845662],
            [128.726633, 35.845437],
            [128.72677, 35.844843],
            [128.72677, 35.844842],
            [128.726764, 35.844751],
            [128.726761, 35.844704],
            [128.726752, 35.844573],
            [128.726729, 35.844429],
            [128.726621, 35.844347],
            [128.726464, 35.844228],
            [128.726252, 35.843995],
            [128.726202, 35.843939],
            [128.726205, 35.843904],
            [128.726242, 35.843496],
            [128.726277, 35.843105],
            [128.726294, 35.843005],
            [128.726336, 35.84288],
            [128.726345, 35.842615],
            [128.726347, 35.842561],
            [128.726303, 35.842511],
            [128.726207, 35.842402],
            [128.726132, 35.842318],
            [128.72598, 35.842151],
            [128.725807, 35.841961],
            [128.725797, 35.841949],
            [128.725627, 35.841763],
            [128.725509, 35.841627],
            [128.725528, 35.841586],
            [128.725538, 35.841551],
            [128.725495, 35.841518],
            [128.725423, 35.841421],
            [128.725379, 35.841392],
            [128.725354, 35.841369],
            [128.725321, 35.841325],
            [128.725277, 35.841255],
            [128.725225, 35.841188],
            [128.725218, 35.841146],
            [128.725162, 35.841067],
            [128.725083, 35.840942],
            [128.72503, 35.84087],
            [128.725007, 35.84084],
            [128.72497, 35.840789],
            [128.724965, 35.840781],
            [128.72496, 35.84077],
            [128.724932, 35.840725],
            [128.724883, 35.840683],
            [128.724819, 35.840637],
            [128.724485, 35.840516],
            [128.724446, 35.840493],
            [128.724397, 35.840441],
            [128.724362, 35.840441],
            [128.724348, 35.840313],
            [128.724382, 35.840211],
            [128.72432, 35.840078],
            [128.724319, 35.840058],
            [128.724318, 35.840032],
            [128.724326, 35.839984],
            [128.72433, 35.839954],
            [128.724295, 35.839756],
            [128.724277, 35.839716],
            [128.724267, 35.839695],
            [128.72424, 35.839656],
            [128.724091, 35.83944],
            [128.724076, 35.839432],
            [128.724063, 35.839426],
            [128.724084, 35.839396],
            [128.724103, 35.83937],
            [128.724095, 35.839323],
            [128.724098, 35.839302],
            [128.724129, 35.839211],
            [128.724191, 35.839084],
            [128.724188, 35.839081],
            [128.724189, 35.839058],
            [128.724191, 35.838993],
            [128.724192, 35.838978],
            [128.724198, 35.838952],
            [128.724207, 35.838905],
            [128.724227, 35.838761],
            [128.724228, 35.838741],
            [128.724229, 35.838717],
            [128.724229, 35.838709],
            [128.724224, 35.838695],
            [128.724214, 35.838668],
            [128.724181, 35.838567],
            [128.724131, 35.838544],
            [128.724085, 35.838546],
            [128.724084, 35.838537],
            [128.724071, 35.838465],
            [128.724085, 35.838396],
            [128.724122, 35.838328],
            [128.724242, 35.83813],
            [128.724251, 35.838119],
            [128.724372, 35.837969],
            [128.724502, 35.837808],
            [128.724527, 35.837754],
            [128.724549, 35.837729],
            [128.724587, 35.837686],
            [128.724601, 35.837659],
            [128.724641, 35.837582],
            [128.724656, 35.837552],
            [128.724664, 35.837521],
            [128.724671, 35.837497],
            [128.724687, 35.83747],
            [128.724689, 35.837468],
            [128.724693, 35.837461],
            [128.724745, 35.83738],
            [128.724748, 35.837374],
            [128.725021, 35.836853],
            [128.725145, 35.836616],
            [128.72515, 35.836605],
            [128.725152, 35.836602],
            [128.725199, 35.836512],
            [128.725174, 35.836424],
            [128.725165, 35.836393],
            [128.725147, 35.836366],
            [128.725141, 35.836356],
            [128.725125, 35.836332],
            [128.72508, 35.836159],
            [128.725077, 35.836117],
            [128.725072, 35.836049],
            [128.725041, 35.835998],
            [128.72504, 35.835998],
            [128.72501, 35.835999],
            [128.725009, 35.835999],
            [128.72501, 35.836002],
            [128.724919, 35.836027],
            [128.724805, 35.836003],
            [128.724736, 35.835954],
            [128.724662, 35.835902],
            [128.724645, 35.835893],
            [128.724445, 35.835785],
            [128.724425, 35.835775],
            [128.724407, 35.835761],
            [128.724269, 35.835683],
            [128.724227, 35.835658],
            [128.724176, 35.835626],
            [128.724012, 35.835559],
            [128.723911, 35.835518],
            [128.723821, 35.835506],
            [128.723768, 35.835489],
            [128.723608, 35.835447],
            [128.723564, 35.835433],
            [128.723521, 35.835419],
            [128.723419, 35.835397],
            [128.723296, 35.835364],
            [128.723269, 35.835357],
            [128.723229, 35.835346],
            [128.723036, 35.835324],
            [128.722918, 35.835286],
            [128.72284, 35.835261],
            [128.722837, 35.83526],
            [128.722806, 35.83525],
            [128.722725, 35.835184],
            [128.722684, 35.83515],
            [128.722475, 35.835064],
            [128.72247, 35.835061],
            [128.722457, 35.83505],
            [128.722405, 35.835007],
            [128.722395, 35.834988],
            [128.722387, 35.834972],
            [128.722373, 35.834957],
            [128.722265, 35.834843],
            [128.722188, 35.834817],
            [128.722099, 35.834786],
            [128.722046, 35.834754],
            [128.722042, 35.834751],
            [128.721994, 35.834722],
            [128.721928, 35.834705],
            [128.721921, 35.834703],
            [128.721802, 35.834672],
            [128.721714, 35.834677],
            [128.721697, 35.834678],
            [128.721557, 35.834884],
            [128.721461, 35.835051],
            [128.72139, 35.835175],
            [128.721285, 35.835359],
            [128.721231, 35.835411],
            [128.721153, 35.835487],
            [128.721125, 35.835559],
            [128.7211, 35.835622],
            [128.721012, 35.835681],
            [128.720995, 35.835692],
            [128.720929, 35.835732],
            [128.720829, 35.835791],
            [128.720645, 35.835855],
            [128.720584, 35.835881],
            [128.720514, 35.835911],
            [128.720417, 35.836018],
            [128.720225, 35.836031],
            [128.720124, 35.836028],
            [128.720006, 35.836023],
            [128.71984, 35.836051],
            [128.71977, 35.836058],
            [128.719578, 35.83598],
            [128.719403, 35.835887],
            [128.71937, 35.835892],
            [128.719316, 35.8359],
            [128.719189, 35.835857],
            [128.719157, 35.835846],
            [128.719069, 35.835812],
            [128.718966, 35.835753],
            [128.718826, 35.835702],
            [128.718769, 35.835672],
            [128.718738, 35.835639],
            [128.718712, 35.835622],
            [128.718676, 35.835601],
            [128.718557, 35.835537],
            [128.718407, 35.835495],
            [128.718357, 35.835471],
            [128.718324, 35.835457],
            [128.718305, 35.835428],
            [128.718284, 35.835398],
            [128.718273, 35.835381],
            [128.718267, 35.835367],
            [128.718252, 35.83533],
            [128.718219, 35.835308],
            [128.71819, 35.835288],
            [128.718175, 35.8352],
            [128.718149, 35.835145],
            [128.718107, 35.835111],
            [128.718071, 35.835065],
            [128.718046, 35.834934],
            [128.718034, 35.834888],
            [128.71803, 35.834875],
            [128.718046, 35.834833],
            [128.718049, 35.834815],
            [128.718056, 35.834774],
            [128.718037, 35.834722],
            [128.71801, 35.834648],
            [128.718005, 35.834589],
            [128.717947, 35.834471],
            [128.717927, 35.834429],
            [128.717886, 35.834354],
            [128.717865, 35.834311],
            [128.71786, 35.834278],
            [128.717867, 35.834259],
            [128.717876, 35.834232],
            [128.717809, 35.834143],
            [128.717731, 35.834126],
            [128.717654, 35.834105],
            [128.717633, 35.834084],
            [128.71756, 35.834104],
            [128.717493, 35.834104],
            [128.717466, 35.834102],
            [128.717441, 35.8341],
            [128.717364, 35.834142],
            [128.717341, 35.834152],
            [128.717327, 35.834158],
            [128.717318, 35.834167],
            [128.717295, 35.834166],
            [128.717293, 35.834166],
            [128.717291, 35.834167],
            [128.71729, 35.834167],
            [128.717288, 35.834168],
            [128.717287, 35.834168],
            [128.717286, 35.83417],
            [128.717283, 35.834173],
            [128.717283, 35.834175],
            [128.717243, 35.834173],
            [128.717213, 35.834143],
            [128.717211, 35.834143],
            [128.717209, 35.834142],
            [128.717204, 35.834142],
            [128.717203, 35.834143],
            [128.717201, 35.834143],
            [128.7172, 35.834144],
            [128.717138, 35.834186],
            [128.717136, 35.834187],
            [128.717135, 35.834188],
            [128.717134, 35.83419],
            [128.717134, 35.834196],
            [128.717135, 35.834197],
            [128.717136, 35.834199],
            [128.717137, 35.8342],
            [128.717078, 35.834239],
            [128.717058, 35.834237],
            [128.717017, 35.834212],
            [128.716977, 35.8342],
            [128.716976, 35.834199],
            [128.71695, 35.834166],
            [128.716958, 35.834149],
            [128.716965, 35.834136],
            [128.716963, 35.834114],
            [128.716963, 35.834109],
            [128.71696, 35.834082],
            [128.716934, 35.834035],
            [128.716958, 35.834025],
            [128.716903, 35.834043],
            [128.716912, 35.834022],
            [128.716924, 35.833993],
            [128.716933, 35.833933],
            [128.716909, 35.833924],
            [128.716893, 35.833917],
            [128.716857, 35.833897],
            [128.716811, 35.833871],
            [128.71675, 35.83383],
            [128.716688, 35.833788],
            [128.716068, 35.833392],
            [128.716002, 35.833368],
            [128.715653, 35.833239],
            [128.715616, 35.833225],
            [128.715495, 35.833181],
            [128.715489, 35.833179],
            [128.714799, 35.832728],
            [128.714738, 35.832643],
            [128.714606, 35.83246],
            [128.714169, 35.831853],
            [128.714122, 35.831788],
            [128.714101, 35.831772],
            [128.713754, 35.831513],
            [128.713599, 35.831397],
            [128.713172, 35.831068],
            [128.71317, 35.831066],
            [128.712884, 35.830858],
            [128.712711, 35.830733],
            [128.712677, 35.830708],
            [128.712631, 35.830644],
            [128.712577, 35.83057],
            [128.712546, 35.830527],
            [128.712398, 35.830323],
            [128.712325, 35.83026],
            [128.712317, 35.830253],
            [128.712279, 35.830221],
            [128.712248, 35.830194],
            [128.711993, 35.829974],
            [128.71163, 35.829859],
            [128.711286, 35.829539],
            [128.711197, 35.829419],
            [128.711196, 35.829418],
            [128.711138, 35.829356],
            [128.710907, 35.829107],
            [128.71072, 35.828893],
            [128.710373, 35.828429],
            [128.710364, 35.828369],
            [128.710354, 35.8283],
            [128.710337, 35.828183],
            [128.710317, 35.828043],
            [128.710309, 35.827937],
            [128.710308, 35.82793],
            [128.710308, 35.827923],
            [128.710303, 35.827859],
            [128.710318, 35.827806],
            [128.710305, 35.827804],
            [128.710235, 35.827797],
            [128.710023, 35.827832],
            [128.710019, 35.827833],
            [128.709991, 35.827825],
            [128.709928, 35.827808],
            [128.709809, 35.827815],
            [128.709503, 35.827487],
            [128.709246, 35.827212],
            [128.708908, 35.826904],
            [128.708637, 35.826568],
            [128.708623, 35.826382],
            [128.708681, 35.826301],
            [128.708687, 35.826293],
            [128.708745, 35.826212],
            [128.708743, 35.826094],
            [128.708714, 35.824223],
            [128.708624, 35.823745],
            [128.708607, 35.823629],
            [128.708601, 35.823583],
            [128.708571, 35.823372],
            [128.708619, 35.823126],
            [128.708667, 35.822879],
            [128.708809, 35.822577],
            [128.708832, 35.822528],
            [128.708938, 35.822302],
            [128.708974, 35.822216],
            [128.709025, 35.822095],
            [128.70903, 35.822041],
            [128.709065, 35.821598],
            [128.709454, 35.82123],
            [128.709595, 35.821096],
            [128.710102, 35.820895],
            [128.710696, 35.820438],
            [128.710947, 35.820237],
            [128.71133, 35.819929],
            [128.711789, 35.819579],
            [128.712133, 35.819384],
            [128.712136, 35.819383],
            [128.712478, 35.818907],
            [128.71253, 35.818858],
            [128.712785, 35.818684],
            [128.713211, 35.818236],
            [128.713586, 35.817831],
            [128.713885, 35.817508],
            [128.714091, 35.816851],
            [128.714064, 35.816292],
            [128.714127, 35.816172],
            [128.714122, 35.815378],
            [128.714141, 35.815303],
            [128.71426, 35.815178],
            [128.714814, 35.814622],
            [128.714831, 35.814556],
            [128.714789, 35.814105],
            [128.714663, 35.813674],
            [128.714629, 35.813568],
            [128.71485, 35.81266],
            [128.715225, 35.812037],
            [128.715308, 35.811778],
            [128.715429, 35.811323],
            [128.715707, 35.811],
            [128.715681, 35.81057],
            [128.71567, 35.810334],
            [128.715658, 35.81008],
            [128.71584, 35.809348],
            [128.715912, 35.809287],
            [128.716577, 35.808728],
            [128.716659, 35.808682],
            [128.71667, 35.808676],
            [128.7169, 35.80859],
            [128.717066, 35.808528],
            [128.717089, 35.808521],
            [128.71709, 35.808521],
            [128.717406, 35.808421],
            [128.71743, 35.808374],
            [128.717456, 35.808326],
            [128.717581, 35.808086],
            [128.717578, 35.807517],
            [128.717572, 35.807355],
            [128.717521, 35.806847],
            [128.717519, 35.806836],
            [128.717516, 35.806832],
            [128.717513, 35.806829],
            [128.716849, 35.806644],
            [128.716431, 35.805926],
            [128.716058, 35.805284],
            [128.714947, 35.805102],
            [128.714328, 35.804758],
            [128.713795, 35.804874],
            [128.713794, 35.804874],
            [128.713046, 35.805033],
            [128.711642, 35.804772],
            [128.710243, 35.80429],
            [128.710199, 35.804266],
            [128.71016, 35.804246],
            [128.708672, 35.803004],
            [128.708522, 35.802921],
            [128.708207, 35.802744],
            [128.70793, 35.802596],
            [128.707789, 35.80252],
            [128.707771, 35.802493],
            [128.707727, 35.802392],
            [128.707871, 35.80158],
            [128.70787, 35.801391],
            [128.707876, 35.801056],
            [128.707879, 35.800848],
            [128.707879, 35.80054],
            [128.70788, 35.800389],
            [128.70777, 35.800246],
            [128.707727, 35.800189],
            [128.707691, 35.80017],
            [128.707136, 35.799886],
            [128.706029, 35.799937],
            [128.705724, 35.799855],
            [128.705431, 35.799784],
            [128.704095, 35.79938],
            [128.703871, 35.799312],
            [128.703595, 35.799154],
            [128.702628, 35.798602],
            [128.702575, 35.798565],
            [128.70227, 35.798286],
            [128.702208, 35.79821],
            [128.701741, 35.797638],
            [128.701669, 35.797551],
            [128.701535, 35.797464],
            [128.701413, 35.797385],
            [128.700793, 35.797044],
            [128.700629, 35.79695],
            [128.700608, 35.79692],
            [128.700494, 35.796758],
            [128.700407, 35.796627],
            [128.700348, 35.796231],
            [128.700335, 35.795748],
            [128.700306, 35.795437],
            [128.700234, 35.795354],
            [128.7001, 35.795258],
            [128.699998, 35.795185],
            [128.699845, 35.795075],
            [128.699809, 35.795049],
            [128.699736, 35.795034],
            [128.699272, 35.794933],
            [128.698892, 35.794829],
            [128.698556, 35.794756],
            [128.697981, 35.794611],
            [128.697765, 35.794459],
            [128.697759, 35.794455],
            [128.697471, 35.794351],
            [128.696532, 35.794577],
            [128.695545, 35.795298],
            [128.695386, 35.795515],
            [128.695338, 35.795609],
            [128.694962, 35.795988],
            [128.694564, 35.79678],
            [128.694409, 35.796774],
            [128.694381, 35.796773],
            [128.693912, 35.796746],
            [128.693307, 35.796788],
            [128.692957, 35.796925],
            [128.692842, 35.796959],
            [128.692697, 35.796657],
            [128.692661, 35.796578],
            [128.691943, 35.796013],
            [128.691762, 35.795927],
            [128.691257, 35.795687],
            [128.691099, 35.795373],
            [128.691026, 35.795051],
            [128.690965, 35.794423],
            [128.690893, 35.794193],
            [128.690445, 35.79342],
            [128.690217, 35.79313],
            [128.689768, 35.792757],
            [128.689239, 35.79262],
            [128.688316, 35.792381],
            [128.688027, 35.792311],
            [128.687278, 35.792297],
            [128.68593, 35.79158],
            [128.685579, 35.79126],
            [128.685194, 35.790975],
            [128.683643, 35.790566],
            [128.682512, 35.790149],
            [128.682502, 35.790131],
            [128.682442, 35.790024],
            [128.682358, 35.789876],
            [128.682331, 35.789843],
            [128.68234, 35.789667],
            [128.682358, 35.789283],
            [128.682358, 35.789281],
            [128.682364, 35.789157],
            [128.682371, 35.789018],
            [128.682396, 35.78884],
            [128.682398, 35.788819],
            [128.682379, 35.788745],
            [128.682389, 35.788694],
            [128.682396, 35.788586],
            [128.682401, 35.788503],
            [128.682389, 35.788438],
            [128.682353, 35.787987],
            [128.682362, 35.787961],
            [128.682308, 35.78797],
            [128.682133, 35.787593],
            [128.681984, 35.78707],
            [128.68196, 35.787025],
            [128.681888, 35.786931],
            [128.681648, 35.786751],
            [128.681646, 35.786743],
            [128.681567, 35.786267],
            [128.681502, 35.786105],
            [128.681437, 35.785925],
            [128.681404, 35.785865],
            [128.681397, 35.785022],
            [128.681424, 35.784828],
            [128.681464, 35.784552],
            [128.681542, 35.784182],
            [128.681562, 35.783963],
            [128.681733, 35.783514],
            [128.681749, 35.783474],
            [128.681824, 35.783149],
            [128.681856, 35.783068],
            [128.682064, 35.782684],
            [128.68207, 35.782674],
            [128.682121, 35.782583],
            [128.682443, 35.782218],
            [128.682541, 35.782159],
            [128.682804, 35.781806],
            [128.682913, 35.781717],
            [128.682962, 35.781677],
            [128.683197, 35.781383],
            [128.683105, 35.781222],
            [128.682979, 35.780999],
            [128.682976, 35.780995],
            [128.68331, 35.780529],
            [128.683465, 35.78033],
            [128.683949, 35.779569],
            [128.684266, 35.779374],
            [128.684279, 35.779353],
            [128.684294, 35.779275],
            [128.684505, 35.778851],
            [128.684509, 35.77883],
            [128.684563, 35.778759],
            [128.684922, 35.778249],
            [128.684928, 35.778238],
            [128.685498, 35.778048],
            [128.685595, 35.777985],
            [128.68566, 35.777953],
            [128.685663, 35.777947],
            [128.685678, 35.777963],
            [128.685736, 35.778016],
            [128.686016, 35.778043],
            [128.686431, 35.777457],
            [128.686458, 35.777419],
            [128.686499, 35.777112],
            [128.686502, 35.77709],
            [128.686656, 35.776427],
            [128.686639, 35.77621],
            [128.686668, 35.776192],
            [128.686903, 35.775914],
            [128.686917, 35.775885],
            [128.68699, 35.775702],
            [128.68707, 35.775499],
            [128.68707, 35.775486],
            [128.687069, 35.77513],
            [128.687066, 35.775116],
            [128.686992, 35.774736],
            [128.687019, 35.774459],
            [128.68703, 35.774241],
            [128.687024, 35.774217],
            [128.687168, 35.773857],
            [128.687181, 35.773824],
            [128.687058, 35.773197],
            [128.687055, 35.77319],
            [128.687049, 35.773178],
            [128.687041, 35.773129],
            [128.68696, 35.77286],
            [128.686629, 35.772398],
            [128.686445, 35.77192],
            [128.686366, 35.771722],
            [128.686197, 35.771385],
            [128.686165, 35.771322],
            [128.686091, 35.771226],
            [128.686161, 35.770751],
            [128.686177, 35.770644],
            [128.686169, 35.770516],
            [128.686132, 35.769967],
            [128.686121, 35.769752],
            [128.686174, 35.769641],
            [128.686361, 35.76925],
            [128.68636, 35.769247],
            [128.686359, 35.769241],
            [128.68635, 35.768724],
            [128.686456, 35.768526],
            [128.686839, 35.768251],
            [128.686933, 35.768198],
            [128.686942, 35.768192],
            [128.687054, 35.768123],
            [128.687059, 35.768128],
            [128.687037, 35.768165],
            [128.687105, 35.768183],
            [128.687117, 35.768176],
            [128.687358, 35.768151],
            [128.688616, 35.768023],
            [128.68904, 35.76759],
            [128.689394, 35.767132],
            [128.689364, 35.766638],
            [128.689376, 35.766602],
            [128.68935, 35.766577],
            [128.689338, 35.766556],
            [128.689356, 35.766506],
            [128.690057, 35.765573],
            [128.690738, 35.765084],
            [128.691307, 35.764292],
            [128.691431, 35.763954],
            [128.691434, 35.763948],
            [128.691458, 35.76332],
            [128.691469, 35.763049],
            [128.691473, 35.763044],
            [128.69147, 35.762774],
            [128.691473, 35.76274],
            [128.69138, 35.762471],
            [128.69129, 35.762171],
            [128.691007, 35.761236],
            [128.691017, 35.761204],
            [128.691019, 35.7612],
            [128.69103, 35.760992],
            [128.691042, 35.760769],
            [128.691165, 35.760225],
            [128.691186, 35.760206],
            [128.691407, 35.760006],
            [128.691628, 35.759809],
            [128.691894, 35.759506],
            [128.691901, 35.759493],
            [128.692575, 35.759275],
            [128.693198, 35.758886],
            [128.694201, 35.758143],
            [128.694311, 35.758024],
            [128.694802, 35.75753],
            [128.694808, 35.757524],
            [128.695013, 35.757276],
            [128.695218, 35.756872],
            [128.695253, 35.756716],
            [128.695358, 35.756096],
            [128.695486, 35.755742],
            [128.695078, 35.755312],
            [128.694744, 35.75509],
            [128.694737, 35.755069],
            [128.694687, 35.754926],
            [128.694331, 35.753667],
            [128.694276, 35.751851],
            [128.694174, 35.750549],
            [128.694087, 35.749916],
            [128.69391, 35.749524],
            [128.693786, 35.749249],
            [128.693628, 35.748971],
            [128.69329, 35.74879],
            [128.692845, 35.748558],
            [128.692767, 35.748517],
            [128.69272, 35.748252],
            [128.692612, 35.747633],
            [128.692611, 35.747631],
            [128.692438, 35.746705],
            [128.692731, 35.745464],
            [128.693001, 35.745001],
            [128.693369, 35.744314],
            [128.693506, 35.743996],
            [128.693657, 35.743653],
            [128.693543, 35.743538],
            [128.692106, 35.742289],
            [128.691842, 35.741994],
            [128.691309, 35.741355],
            [128.690253, 35.740768],
            [128.690131, 35.7407],
            [128.689284, 35.740194],
            [128.689201, 35.739972],
            [128.689126, 35.739773],
            [128.689125, 35.739748],
            [128.689111, 35.73923],
            [128.68911, 35.739212],
            [128.689082, 35.738231],
            [128.689079, 35.738115],
            [128.690279, 35.73701],
            [128.690496, 35.736623],
            [128.691127, 35.736293],
            [128.691388, 35.736157],
            [128.691775, 35.735565],
            [128.691947, 35.735301],
            [128.691484, 35.734378],
            [128.692, 35.733263],
            [128.691776, 35.732756],
            [128.691735, 35.732662],
            [128.691615, 35.732384],
            [128.691165, 35.731344],
            [128.690964, 35.730889],
            [128.690556, 35.730471],
            [128.69016, 35.730159],
            [128.689759, 35.729961],
            [128.689295, 35.729731],
            [128.688866, 35.72943],
            [128.688679, 35.729285],
            [128.688564, 35.729196],
            [128.687884, 35.72862],
            [128.687789, 35.72854],
            [128.686765, 35.728033],
            [128.685883, 35.727684],
            [128.685616, 35.727582],
            [128.684999, 35.727078],
            [128.683711, 35.725919],
            [128.683137, 35.725578],
            [128.683082, 35.725312],
            [128.683109, 35.72473],
            [128.683259, 35.724337],
            [128.683262, 35.723224],
            [128.683426, 35.722717],
            [128.683524, 35.722368],
            [128.683538, 35.722263],
            [128.683525, 35.721788],
            [128.68324, 35.721454],
            [128.683191, 35.721452],
            [128.683066, 35.721446],
            [128.682848, 35.721435],
            [128.682423, 35.721356],
            [128.68191, 35.721295],
            [128.681675, 35.721316],
            [128.681069, 35.721369],
            [128.680509, 35.721362],
            [128.680216, 35.72135],
            [128.679708, 35.721014],
            [128.679588, 35.720935],
            [128.67951, 35.72094],
            [128.678277, 35.721023],
            [128.677901, 35.721111],
            [128.677882, 35.721099],
            [128.677828, 35.721084],
            [128.677779, 35.721071],
            [128.677756, 35.721073],
            [128.677709, 35.721079],
            [128.677698, 35.721081],
            [128.677464, 35.721132],
            [128.677466, 35.721095],
            [128.677452, 35.721098],
            [128.677344, 35.721089],
            [128.677246, 35.721077],
            [128.677089, 35.721063],
            [128.676989, 35.72108],
            [128.676938, 35.721105],
            [128.676918, 35.72111],
            [128.67684, 35.721131],
            [128.676419, 35.72115],
            [128.675093, 35.721213],
            [128.674663, 35.721145],
            [128.673355, 35.721003],
            [128.673159, 35.720944],
            [128.67186, 35.720553],
            [128.67177, 35.720526],
            [128.671695, 35.72039],
            [128.670968, 35.718963],
            [128.67095, 35.718928],
            [128.670933, 35.718894],
            [128.670674, 35.718862],
            [128.670063, 35.718983],
            [128.667817, 35.719349],
            [128.66696, 35.719334],
            [128.6663, 35.719268],
            [128.665557, 35.718945],
            [128.663524, 35.720503],
            [128.662283, 35.719442],
            [128.661581, 35.719783],
            [128.661083, 35.720025],
            [128.661033, 35.720049],
            [128.660891, 35.719936],
            [128.660532, 35.719653],
            [128.66023, 35.719415],
            [128.659481, 35.719042],
            [128.658618, 35.718613],
            [128.657498, 35.718056],
            [128.657, 35.717946],
            [128.65661, 35.71786],
            [128.656214, 35.717024],
            [128.655626, 35.716386],
            [128.655404, 35.715953],
            [128.655102, 35.715266],
            [128.654519, 35.714776],
            [128.654042, 35.714374],
            [128.653453, 35.713878],
            [128.653019, 35.713974],
            [128.652856, 35.714011],
            [128.650645, 35.712701],
            [128.65029, 35.712324],
            [128.650197, 35.712243],
            [128.650005, 35.712042],
            [128.649105, 35.711666],
            [128.64906, 35.711647],
            [128.648891, 35.71162],
            [128.648835, 35.711611],
            [128.648224, 35.711514],
            [128.647491, 35.711497],
            [128.64727, 35.711492],
            [128.646771, 35.709558],
            [128.646732, 35.709404],
            [128.64646, 35.709159],
            [128.646191, 35.708916],
            [128.646191, 35.708899],
            [128.646201, 35.708544],
            [128.646205, 35.708422],
            [128.646212, 35.708174],
            [128.645331, 35.707952],
            [128.644786, 35.707666],
            [128.643494, 35.706997],
            [128.643224, 35.706997],
            [128.642504, 35.706995],
            [128.642267, 35.706997],
            [128.641423, 35.706923],
            [128.640924, 35.706602],
            [128.640588, 35.706476],
            [128.640268, 35.706202],
            [128.639498, 35.706087],
            [128.638442, 35.705838],
            [128.638248, 35.705791],
            [128.637928, 35.70586],
            [128.637824, 35.705882],
            [128.637651, 35.705859],
            [128.637118, 35.705785],
            [128.636722, 35.70612],
            [128.635042, 35.706325],
            [128.634649, 35.706442],
            [128.633641, 35.706366],
            [128.632766, 35.706514],
            [128.631903, 35.70653],
            [128.630926, 35.706792],
            [128.630501, 35.706672],
            [128.629804, 35.705919],
            [128.628727, 35.705358],
            [128.628286, 35.705337],
            [128.627696, 35.7051],
            [128.627484, 35.705078],
            [128.627397, 35.705068],
            [128.626692, 35.704716],
            [128.625655, 35.703833],
            [128.625142, 35.703618],
            [128.624945, 35.703603],
            [128.62501, 35.703577],
            [128.624498, 35.703355],
            [128.623997, 35.702297],
            [128.623979, 35.702299],
            [128.623083, 35.702437],
            [128.619777, 35.702849],
            [128.619777, 35.70285],
            [128.619766, 35.703067],
            [128.61975, 35.703382],
            [128.619788, 35.704509],
            [128.618718, 35.705224],
            [128.618247, 35.705482],
            [128.617454, 35.706025],
            [128.617412, 35.706506],
            [128.617395, 35.706705],
            [128.617123, 35.707346],
            [128.617104, 35.707391],
            [128.61648, 35.707646],
            [128.616125, 35.707791],
            [128.615791, 35.708081],
            [128.615534, 35.708304],
            [128.61538, 35.708794],
            [128.614939, 35.709072],
            [128.614389, 35.709579],
            [128.613916, 35.709841],
            [128.613843, 35.710157],
            [128.613873, 35.710604],
            [128.61388, 35.710701],
            [128.613905, 35.711278],
            [128.613914, 35.712168],
            [128.613926, 35.712195],
            [128.614077, 35.712523],
            [128.614, 35.712825],
            [128.613871, 35.713336],
            [128.613951, 35.714174],
            [128.614246, 35.714519],
            [128.614284, 35.714563],
            [128.61458, 35.714782],
            [128.615037, 35.71512],
            [128.615162, 35.715212],
            [128.615625, 35.715555],
            [128.615692, 35.715638],
            [128.615936, 35.715941],
            [128.616055, 35.716097],
            [128.616443, 35.716275],
            [128.616667, 35.716378],
            [128.616671, 35.716386],
            [128.616885, 35.716816],
            [128.616926, 35.717635],
            [128.616562, 35.718112],
            [128.616494, 35.718201],
            [128.616166, 35.719575],
            [128.615825, 35.720167],
            [128.615241, 35.720868],
            [128.615053, 35.721028],
            [128.614367, 35.72171],
            [128.614058, 35.722114],
            [128.612704, 35.722491],
            [128.612657, 35.722504],
            [128.611837, 35.723406],
            [128.611649, 35.723554],
            [128.611297, 35.72383],
            [128.610728, 35.724315],
            [128.610336, 35.724749],
            [128.609934, 35.724876],
            [128.60992, 35.7252],
            [128.609914, 35.725326],
            [128.610073, 35.725789],
            [128.610104, 35.726213],
            [128.610377, 35.726479],
            [128.61074, 35.726832],
            [128.610743, 35.726836],
            [128.611255, 35.727348],
            [128.611584, 35.727821],
            [128.611903, 35.728011],
            [128.612114, 35.728138],
            [128.612681, 35.728639],
            [128.613022, 35.72894],
            [128.613047, 35.728947],
            [128.613795, 35.729165],
            [128.614548, 35.729617],
            [128.614577, 35.72967],
            [128.61459, 35.729693],
            [128.614932, 35.730318],
            [128.614864, 35.730638],
            [128.614798, 35.730942],
            [128.614571, 35.731315],
            [128.614226, 35.731736],
            [128.613745, 35.732434],
            [128.614425, 35.733658],
            [128.614439, 35.733684],
            [128.614117, 35.733935],
            [128.614009, 35.735243],
            [128.613891, 35.73689],
            [128.612662, 35.738265],
            [128.612527, 35.738415],
            [128.612435, 35.738519],
            [128.611491, 35.738637],
            [128.610002, 35.738829],
            [128.60925, 35.738866],
            [128.609197, 35.738869],
            [128.609196, 35.738901],
            [128.609195, 35.738914],
            [128.609174, 35.738915],
            [128.609097, 35.738919],
            [128.607499, 35.738998],
            [128.606132, 35.738082],
            [128.605931, 35.738074],
            [128.605275, 35.737624],
            [128.605125, 35.737552],
            [128.603491, 35.737306],
            [128.603211, 35.737189],
            [128.602898, 35.737058],
            [128.602689, 35.736725],
            [128.601323, 35.736646],
            [128.601009, 35.736621],
            [128.600455, 35.736377],
            [128.600003, 35.736339],
            [128.59949, 35.736576],
            [128.599385, 35.736625],
            [128.598852, 35.736501],
            [128.598517, 35.736704],
            [128.597878, 35.736789],
            [128.597826, 35.736796],
            [128.596771, 35.736679],
            [128.596169, 35.736913],
            [128.595622, 35.737211],
            [128.595197, 35.737212],
            [128.594876, 35.737166],
            [128.594245, 35.737075],
            [128.593832, 35.736394],
            [128.594114, 35.735545],
            [128.593201, 35.734255],
            [128.593166, 35.733896],
            [128.59308, 35.733845],
            [128.592663, 35.733593],
            [128.592397, 35.733094],
            [128.592163, 35.732656],
            [128.591343, 35.732254],
            [128.590737, 35.73211],
            [128.590056, 35.731806],
            [128.589794, 35.731631],
            [128.589601, 35.731504],
            [128.589449, 35.731587],
            [128.589142, 35.731754],
            [128.588823, 35.732302],
            [128.588818, 35.732311],
            [128.588809, 35.732317],
            [128.588249, 35.732682],
            [128.587908, 35.733053],
            [128.587413, 35.733243],
            [128.586856, 35.73351],
            [128.586262, 35.733778],
            [128.585872, 35.734045],
            [128.585147, 35.734545],
            [128.584933, 35.73516],
            [128.584857, 35.735208],
            [128.58473, 35.735267],
            [128.584644, 35.735417],
            [128.58434, 35.736015],
            [128.583975, 35.73639],
            [128.583496, 35.736575],
            [128.583463, 35.73667],
            [128.583354, 35.736992],
            [128.583215, 35.737402],
            [128.583036, 35.737599],
            [128.582582, 35.738136],
            [128.582479, 35.738258],
            [128.582416, 35.738333],
            [128.582402, 35.738333],
            [128.581962, 35.738327],
            [128.581568, 35.738447],
            [128.581042, 35.738467],
            [128.580516, 35.738667],
            [128.579303, 35.737658],
            [128.579192, 35.737594],
            [128.578871, 35.737594],
            [128.578634, 35.737457],
            [128.578171, 35.737545],
            [128.577621, 35.737574],
            [128.577345, 35.737435],
            [128.577014, 35.737199],
            [128.576461, 35.736806],
            [128.576091, 35.736694],
            [128.575662, 35.736559],
            [128.575344, 35.736537],
            [128.574635, 35.736488],
            [128.574467, 35.736169],
            [128.57436, 35.735967],
            [128.573805, 35.735554],
            [128.573467, 35.73556],
            [128.573325, 35.735495],
            [128.57294, 35.735318],
            [128.572826, 35.735207],
            [128.572611, 35.734999],
            [128.571729, 35.734573],
            [128.571578, 35.734566],
            [128.571122, 35.734547],
            [128.570841, 35.734533],
            [128.570021, 35.734919],
            [128.568013, 35.735583],
            [128.567657, 35.736163],
            [128.566949, 35.73654],
            [128.566646, 35.736946],
            [128.566293, 35.736833],
            [128.566146, 35.736826],
            [128.565588, 35.736801],
            [128.564767, 35.736762],
            [128.564566, 35.736409],
            [128.564244, 35.736289],
            [128.563848, 35.736142],
            [128.563549, 35.735876],
            [128.563495, 35.735678],
            [128.563349, 35.735141],
            [128.563015, 35.733855],
            [128.562882, 35.733278],
            [128.562768, 35.732762],
            [128.562656, 35.732245],
            [128.562608, 35.73222],
            [128.561793, 35.731796],
            [128.561647, 35.731596],
            [128.561626, 35.73143],
            [128.561529, 35.73063],
            [128.561433, 35.730538],
            [128.561429, 35.73053],
            [128.561287, 35.730273],
            [128.561177, 35.730067],
            [128.561049, 35.729829],
            [128.560987, 35.729714],
            [128.560943, 35.729692],
            [128.560891, 35.729665],
            [128.560875, 35.729657],
            [128.56077, 35.729604],
            [128.560671, 35.729554],
            [128.560533, 35.729485],
            [128.559686, 35.728902],
            [128.558652, 35.728817],
            [128.558052, 35.728651],
            [128.557898, 35.728452],
            [128.557413, 35.728164],
            [128.556968, 35.727703],
            [128.556372, 35.727521],
            [128.555809, 35.727841],
            [128.555514, 35.727843],
            [128.555252, 35.727718],
            [128.554761, 35.727482],
            [128.553493, 35.7269],
            [128.552938, 35.726663],
            [128.552496, 35.726597],
            [128.552331, 35.726354],
            [128.551476, 35.725685],
            [128.55138, 35.725468],
            [128.55043, 35.724858],
            [128.54986, 35.724613],
            [128.549405, 35.724552],
            [128.54882, 35.724198],
            [128.548476, 35.723989],
            [128.547818, 35.723469],
            [128.547558, 35.723456],
            [128.547401, 35.723311],
            [128.546614, 35.722718],
            [128.546091, 35.722649],
            [128.54583, 35.722282],
            [128.545672, 35.72206],
            [128.545466, 35.721097],
            [128.54502, 35.720708],
            [128.544832, 35.720544],
            [128.544086, 35.719434],
            [128.543451, 35.719281],
            [128.542712, 35.719108],
            [128.541942, 35.718962],
            [128.541014, 35.719116],
            [128.540571, 35.718891],
            [128.540393, 35.718722],
            [128.539684, 35.718367],
            [128.539026, 35.718113],
            [128.538486, 35.718026],
            [128.538328, 35.718001],
            [128.538295, 35.717929],
            [128.537894, 35.717294],
            [128.537488, 35.71723],
            [128.536818, 35.716839],
            [128.53665, 35.716858],
            [128.535993, 35.716873],
            [128.535992, 35.716873],
            [128.534791, 35.716744],
            [128.534763, 35.716741],
            [128.534033, 35.716676],
            [128.53331, 35.716467],
            [128.532188, 35.715464],
            [128.531453, 35.714806],
            [128.530704, 35.713765],
            [128.530299, 35.713489],
            [128.529034, 35.713186],
            [128.527905, 35.712741],
            [128.528047, 35.712522],
            [128.528533, 35.711776],
            [128.528739, 35.711472],
            [128.529003, 35.71127],
            [128.529343, 35.71101],
            [128.529963, 35.710302],
            [128.530033, 35.710223],
            [128.530561, 35.7094],
            [128.531137, 35.707568],
            [128.531318, 35.706992],
            [128.531688, 35.706393],
            [128.532499, 35.705082],
            [128.533224, 35.70413],
            [128.533424, 35.703868],
            [128.533887, 35.70326],
            [128.532618, 35.700711],
            [128.532745, 35.698294],
            [128.531864, 35.696616],
            [128.534207, 35.694816],
            [128.534207, 35.694861],
            [128.535264, 35.694052],
            [128.535197, 35.694014],
            [128.534694, 35.693729],
            [128.534147, 35.692303],
            [128.533853, 35.691985],
            [128.533804, 35.691498],
            [128.532936, 35.690536],
            [128.532845, 35.690436],
            [128.53278, 35.690099],
            [128.531488, 35.688119],
            [128.53132, 35.68786],
            [128.531376, 35.686554],
            [128.531382, 35.686408],
            [128.531423, 35.685454],
            [128.531455, 35.685269],
            [128.531473, 35.685171],
            [128.531599, 35.68446],
            [128.531687, 35.683963],
            [128.531799, 35.683334],
            [128.530686, 35.683444],
            [128.529908, 35.683496],
            [128.529851, 35.683015],
            [128.527925, 35.683155],
            [128.526603, 35.682641],
            [128.526056, 35.682502],
            [128.525787, 35.682284],
            [128.525428, 35.681991],
            [128.524792, 35.682026],
            [128.524697, 35.682032],
            [128.524184, 35.681822],
            [128.524113, 35.681793],
            [128.522699, 35.681254],
            [128.522691, 35.681251],
            [128.521795, 35.680909],
            [128.521328, 35.680485],
            [128.521169, 35.680341],
            [128.520998, 35.680302],
            [128.520543, 35.680198],
            [128.520193, 35.680168],
            [128.519736, 35.679759],
            [128.519612, 35.679647],
            [128.518983, 35.679552],
            [128.518165, 35.679428],
            [128.516958, 35.678085],
            [128.516161, 35.677199],
            [128.516131, 35.676944],
            [128.51613, 35.676943],
            [128.515957, 35.676744],
            [128.515839, 35.676608],
            [128.515637, 35.676376],
            [128.514955, 35.675592],
            [128.514802, 35.675417],
            [128.514605, 35.675371],
            [128.513405, 35.675065],
            [128.513132, 35.675047],
            [128.512988, 35.675037],
            [128.512001, 35.674959],
            [128.511923, 35.674953],
            [128.511713, 35.674872],
            [128.511037, 35.674631],
            [128.510842, 35.674569],
            [128.509545, 35.674705],
            [128.509455, 35.674715],
            [128.50932, 35.67464],
            [128.508994, 35.674462],
            [128.508901, 35.674411],
            [128.508772, 35.67434],
            [128.508632, 35.6742],
            [128.50827, 35.673839],
            [128.50785, 35.673315],
            [128.507551, 35.672858],
            [128.507524, 35.672733],
            [128.50752, 35.672712],
            [128.507427, 35.67228],
            [128.507443, 35.672245],
            [128.507629, 35.671832],
            [128.507799, 35.671453],
            [128.508387, 35.670749],
            [128.508867, 35.670178],
            [128.508977, 35.670048],
            [128.509045, 35.669774],
            [128.509054, 35.669725],
            [128.509178, 35.669037],
            [128.509166, 35.668554],
            [128.50915, 35.667933],
            [128.509112, 35.66703],
            [128.508908, 35.666754],
            [128.508902, 35.666746],
            [128.508904, 35.666736],
            [128.509004, 35.666152],
            [128.509149, 35.665455],
            [128.508334, 35.664196],
            [128.508027, 35.663721],
            [128.508057, 35.663114],
            [128.508107, 35.66201],
            [128.508285, 35.661974],
            [128.508927, 35.661844],
            [128.5083, 35.661889],
            [128.508143, 35.661901],
            [128.50815, 35.661673],
            [128.507957, 35.659999],
            [128.507927, 35.65979],
            [128.507949, 35.658489],
            [128.507801, 35.657667],
            [128.507167, 35.655397],
            [128.506738, 35.655275],
            [128.506735, 35.655274],
            [128.506631, 35.65524],
            [128.505692, 35.654921],
            [128.505812, 35.654705],
            [128.506359, 35.653724],
            [128.506786, 35.653221],
            [128.507202, 35.652731],
            [128.507281, 35.652638],
            [128.507054, 35.652416],
            [128.506844, 35.652215],
            [128.506816, 35.650314],
            [128.506814, 35.650148],
            [128.507976, 35.649439],
            [128.508277, 35.649255],
            [128.508578, 35.648884],
            [128.509144, 35.648284],
            [128.509262, 35.648005],
            [128.509391, 35.647746],
            [128.509388, 35.647729],
            [128.509263, 35.647853],
            [128.509263, 35.647768],
            [128.509732, 35.6474],
            [128.509843, 35.64725],
            [128.509937, 35.647159],
            [128.510085, 35.647041],
            [128.51028, 35.646943],
            [128.51061, 35.646571],
            [128.510675, 35.646348],
            [128.51062, 35.646178],
            [128.510593, 35.645972],
            [128.510706, 35.645779],
            [128.510711, 35.645693],
            [128.510616, 35.645522],
            [128.510675, 35.645347],
            [128.510606, 35.645191],
            [128.510402, 35.64491],
            [128.51026, 35.644726],
            [128.510161, 35.64456],
            [128.510163, 35.64456],
            [128.510164, 35.644559],
            [128.510165, 35.644559],
            [128.510184, 35.644549],
            [128.510186, 35.644548],
            [128.51019, 35.644544],
            [128.51019, 35.644539],
            [128.510188, 35.644537],
            [128.510172, 35.644515],
            [128.510169, 35.644512],
            [128.510167, 35.644512],
            [128.510165, 35.644511],
            [128.51016, 35.644511],
            [128.510159, 35.644512],
            [128.510158, 35.644512],
            [128.510138, 35.644521],
            [128.510109, 35.644473],
            [128.510045, 35.644389],
            [128.509941, 35.64422],
            [128.509892, 35.644071],
            [128.509901, 35.643994],
            [128.509921, 35.643935],
            [128.510035, 35.643616],
            [128.510049, 35.643514],
            [128.510034, 35.643482],
            [128.509961, 35.643331],
            [128.509885, 35.643006],
            [128.509822, 35.64293],
            [128.509751, 35.642861],
            [128.509542, 35.642645],
            [128.509418, 35.642506],
            [128.509403, 35.642483],
            [128.509297, 35.642317],
            [128.509276, 35.642308],
            [128.509078, 35.64223],
            [128.509043, 35.642218],
            [128.508986, 35.642161],
            [128.508948, 35.642082],
            [128.508871, 35.641926],
            [128.508851, 35.641886],
            [128.508789, 35.641865],
            [128.508771, 35.641865],
            [128.508487, 35.641869],
            [128.508415, 35.641835],
            [128.508385, 35.641789],
            [128.508372, 35.641658],
            [128.508384, 35.641551],
            [128.508386, 35.641532],
            [128.508346, 35.641485],
            [128.50823, 35.641348],
            [128.508197, 35.641318],
            [128.507972, 35.641145],
            [128.507817, 35.641081],
            [128.507789, 35.64107],
            [128.507773, 35.641067],
            [128.50755, 35.641036],
            [128.50734, 35.641004],
            [128.507228, 35.640948],
            [128.507155, 35.640856],
            [128.507154, 35.640842],
            [128.507266, 35.640448],
            [128.507239, 35.640417],
            [128.506992, 35.640273],
            [128.506789, 35.640156],
            [128.506563, 35.640052],
            [128.506429, 35.63991],
            [128.506303, 35.639678],
            [128.506236, 35.639557],
            [128.506113, 35.639498],
            [128.505939, 35.639452],
            [128.505898, 35.639441],
            [128.505889, 35.639434],
            [128.505801, 35.639366],
            [128.50571, 35.639272],
            [128.505557, 35.639218],
            [128.50515, 35.639076],
            [128.504847, 35.638977],
            [128.504491, 35.639027],
            [128.504313, 35.638991],
            [128.504112, 35.638899],
            [128.504059, 35.638876],
            [128.504015, 35.638857],
            [128.503868, 35.638804],
            [128.503798, 35.638783],
            [128.503434, 35.63882],
            [128.503208, 35.638843],
            [128.502746, 35.638738],
            [128.502178, 35.638766],
            [128.501426, 35.638917],
            [128.501236, 35.638923],
            [128.500941, 35.638756],
            [128.500794, 35.638778],
            [128.50062, 35.638957],
            [128.500337, 35.639036],
            [128.500035, 35.639189],
            [128.499842, 35.63915],
            [128.499625, 35.639034],
            [128.499278, 35.6387],
            [128.499234, 35.638662],
            [128.49915, 35.638618],
            [128.499042, 35.638614],
            [128.498793, 35.638758],
            [128.498572, 35.638831],
            [128.498333, 35.638845],
            [128.498278, 35.638848],
            [128.497863, 35.638923],
            [128.497537, 35.638901],
            [128.497287, 35.638884],
            [128.497064, 35.638829],
            [128.496728, 35.638764],
            [128.496631, 35.638764],
            [128.496301, 35.638938],
            [128.496283, 35.638953],
            [128.49608, 35.639009],
            [128.495694, 35.639036],
            [128.495604, 35.638957],
            [128.495464, 35.638757],
            [128.495379, 35.638471],
            [128.495174, 35.638007],
            [128.495132, 35.637952],
            [128.495125, 35.637948],
            [128.495018, 35.637889],
            [128.494972, 35.637881],
            [128.494895, 35.637867],
            [128.494667, 35.637857],
            [128.494484, 35.637851],
            [128.494121, 35.637876],
            [128.493809, 35.637909],
            [128.493439, 35.637903],
            [128.493414, 35.637897],
            [128.493224, 35.637854],
            [128.493125, 35.637802],
            [128.492964, 35.637567],
            [128.492893, 35.637447],
            [128.492784, 35.637349],
            [128.492767, 35.637334],
            [128.492676, 35.637262],
            [128.492609, 35.637207],
            [128.492587, 35.637191],
            [128.492496, 35.637121],
            [128.492335, 35.637215],
            [128.492332, 35.637217],
            [128.492112, 35.637268],
            [128.492099, 35.637265],
            [128.491918, 35.637235],
            [128.491774, 35.637182],
            [128.491619, 35.637084],
            [128.491509, 35.637013],
            [128.491179, 35.636891],
            [128.491085, 35.636868],
            [128.491014, 35.636851],
            [128.490663, 35.636761],
            [128.490439, 35.636716],
            [128.490155, 35.636657],
            [128.490083, 35.636625],
            [128.490058, 35.636615],
            [128.489864, 35.636528],
            [128.489811, 35.63646],
            [128.489671, 35.636269],
            [128.489603, 35.636063],
            [128.489534, 35.635984],
            [128.489515, 35.635961],
            [128.489508, 35.635952],
            [128.489464, 35.635922],
            [128.489384, 35.635868],
            [128.489252, 35.635776],
            [128.489205, 35.635743],
            [128.488935, 35.635731],
            [128.4887, 35.635805],
            [128.488565, 35.635846],
            [128.488371, 35.635904],
            [128.488217, 35.63593],
            [128.488081, 35.635952],
            [128.487842, 35.635925],
            [128.487571, 35.635856],
            [128.487257, 35.635774],
            [128.487157, 35.635754],
            [128.486986, 35.635732],
            [128.48665, 35.635606],
            [128.486454, 35.63558],
            [128.486258, 35.635582],
            [128.486176, 35.635583],
            [128.486132, 35.635568],
            [128.485952, 35.635503],
            [128.485193, 35.635465],
            [128.484903, 35.635465],
            [128.484687, 35.635467],
            [128.484569, 35.635469],
            [128.484391, 35.635417],
            [128.48419, 35.635359],
            [128.483902, 35.635238],
            [128.483749, 35.635195],
            [128.483521, 35.635131],
            [128.483276, 35.635085],
            [128.483019, 35.635038],
            [128.482983, 35.635032],
            [128.482709, 35.634991],
            [128.482419, 35.634989],
            [128.482316, 35.634989],
            [128.48217, 35.635017],
            [128.482017, 35.63506],
            [128.481903, 35.635092],
            [128.481842, 35.635116],
            [128.481767, 35.63515],
            [128.481741, 35.635159],
            [128.48134, 35.635266],
            [128.480989, 35.636198],
            [128.480692, 35.63714],
            [128.480692, 35.637526],
            [128.480676, 35.637953],
            [128.480588, 35.638675],
            [128.480549, 35.638954],
            [128.480117, 35.639722],
            [128.479512, 35.640187],
            [128.47946, 35.640228],
            [128.478923, 35.640395],
            [128.478494, 35.640528],
            [128.477256, 35.640518],
            [128.476994, 35.640471],
            [128.476483, 35.640324],
            [128.476187, 35.640207],
            [128.476087, 35.640119],
            [128.475648, 35.639737],
            [128.475495, 35.6396],
            [128.474357, 35.638585],
            [128.472604, 35.638189],
            [128.472414, 35.638026],
            [128.472266, 35.637901],
            [128.471838, 35.637538],
            [128.47133, 35.637099],
            [128.471163, 35.636897],
            [128.471066, 35.636779],
            [128.470691, 35.636615],
            [128.470225, 35.636618],
            [128.470143, 35.636618],
            [128.469457, 35.636621],
            [128.469051, 35.636653],
            [128.46842, 35.636706],
            [128.46785, 35.63675],
            [128.467325, 35.636795],
            [128.466776, 35.636768],
            [128.466263, 35.636744],
            [128.466007, 35.636884],
            [128.465742, 35.637026],
            [128.465656, 35.637074],
            [128.465426, 35.637199],
            [128.464149, 35.638022],
            [128.463888, 35.638102],
            [128.463629, 35.638227],
            [128.463278, 35.638421],
            [128.46294, 35.638625],
            [128.462829, 35.638692],
            [128.462434, 35.639002],
            [128.462096, 35.639267],
            [128.461806, 35.639571],
            [128.461599, 35.639793],
            [128.461376, 35.640119],
            [128.461229, 35.640362],
            [128.46113, 35.64061],
            [128.461127, 35.640616],
            [128.461111, 35.640657],
            [128.460345, 35.640584],
            [128.460259, 35.640575],
            [128.460231, 35.640562],
            [128.460213, 35.640553],
            [128.460196, 35.640545],
            [128.460191, 35.64055],
            [128.460117, 35.640537],
            [128.460059, 35.640526],
            [128.460021, 35.640521],
            [128.459996, 35.640518],
            [128.459833, 35.640499],
            [128.459795, 35.640491],
            [128.459625, 35.640456],
            [128.459563, 35.640438],
            [128.459561, 35.640437],
            [128.459553, 35.640444],
            [128.459406, 35.640397],
            [128.459305, 35.64035],
            [128.459312, 35.640339],
            [128.459208, 35.640297],
            [128.459095, 35.640273],
            [128.459068, 35.640271],
            [128.459018, 35.640268],
            [128.458906, 35.640262],
            [128.45879, 35.640233],
            [128.458616, 35.640139],
            [128.458554, 35.640099],
            [128.458421, 35.640063],
            [128.458355, 35.64003],
            [128.458182, 35.639935],
            [128.458138, 35.639916],
            [128.458095, 35.639897],
            [128.458109, 35.639868],
            [128.458096, 35.639859],
            [128.458035, 35.639821],
            [128.457947, 35.639802],
            [128.45779, 35.639749],
            [128.457689, 35.639697],
            [128.457508, 35.639629],
            [128.457472, 35.639599],
            [128.457447, 35.639563],
            [128.457427, 35.639527],
            [128.45742, 35.639435],
            [128.457495, 35.639125],
            [128.457491, 35.638968],
            [128.457441, 35.638847],
            [128.4574, 35.638646],
            [128.457332, 35.638485],
            [128.457221, 35.63838],
            [128.457157, 35.638338],
            [128.456984, 35.638269],
            [128.456872, 35.638238],
            [128.456805, 35.638209],
            [128.456752, 35.638177],
            [128.456669, 35.638152],
            [128.456641, 35.638094],
            [128.4566, 35.637888],
            [128.45661, 35.63771],
            [128.456591, 35.637604],
            [128.456556, 35.637508],
            [128.456482, 35.637413],
            [128.456429, 35.637423],
            [128.456329, 35.637411],
            [128.456202, 35.637407],
            [128.456124, 35.63741],
            [128.45601, 35.63744],
            [128.45577, 35.637528],
            [128.455671, 35.637579],
            [128.455613, 35.637589],
            [128.455547, 35.637594],
            [128.455531, 35.6376],
            [128.455466, 35.637625],
            [128.455384, 35.637638],
            [128.45527, 35.637645],
            [128.455198, 35.637625],
            [128.454901, 35.637459],
            [128.454709, 35.637367],
            [128.454647, 35.637318],
            [128.454551, 35.63728],
            [128.454443, 35.637222],
            [128.45444, 35.637221],
            [128.454244, 35.637107],
            [128.454163, 35.637107],
            [128.454144, 35.637096],
            [128.454127, 35.637087],
            [128.45407, 35.637076],
            [128.453926, 35.637073],
            [128.453852, 35.637071],
            [128.45371, 35.63702],
            [128.453696, 35.637015],
            [128.453687, 35.637012],
            [128.45366, 35.637004],
            [128.453586, 35.636981],
            [128.453573, 35.636977],
            [128.453348, 35.636903],
            [128.453201, 35.636898],
            [128.453091, 35.636928],
            [128.452985, 35.636923],
            [128.452813, 35.636936],
            [128.452705, 35.636982],
            [128.452595, 35.637007],
            [128.452461, 35.636969],
            [128.452353, 35.637014],
            [128.452307, 35.637034],
            [128.452277, 35.637064],
            [128.452233, 35.637111],
            [128.452176, 35.637166],
            [128.452111, 35.637272],
            [128.452079, 35.637341],
            [128.452065, 35.637403],
            [128.452039, 35.637439],
            [128.451947, 35.637475],
            [128.45186, 35.637517],
            [128.451843, 35.63757],
            [128.451849, 35.637576],
            [128.451843, 35.637607],
            [128.451777, 35.637688],
            [128.451746, 35.637708],
            [128.451687, 35.63774],
            [128.451647, 35.637771],
            [128.451565, 35.637882],
            [128.451488, 35.637988],
            [128.451343, 35.637939],
            [128.45119, 35.637939],
            [128.45112, 35.637922],
            [128.451004, 35.637936],
            [128.450933, 35.637935],
            [128.450926, 35.637896],
            [128.45091, 35.637808],
            [128.450877, 35.637757],
            [128.450857, 35.637746],
            [128.450831, 35.637731],
            [128.450731, 35.637706],
            [128.450591, 35.637686],
            [128.450544, 35.637682],
            [128.450525, 35.637683],
            [128.450448, 35.637685],
            [128.450444, 35.637686],
            [128.450407, 35.637695],
            [128.450401, 35.637697],
            [128.450383, 35.637691],
            [128.450361, 35.637722],
            [128.450307, 35.637735],
            [128.45024, 35.63777],
            [128.450104, 35.637695],
            [128.450113, 35.637687],
            [128.450153, 35.637552],
            [128.450148, 35.637516],
            [128.450118, 35.637392],
            [128.450094, 35.637282],
            [128.450072, 35.637283],
            [128.450025, 35.637331],
            [128.449905, 35.637417],
            [128.449781, 35.637482],
            [128.449655, 35.63755],
            [128.449601, 35.637574],
            [128.449512, 35.63762],
            [128.44947, 35.637638],
            [128.449329, 35.63769],
            [128.449313, 35.637701],
            [128.449182, 35.637715],
            [128.449031, 35.637714],
            [128.448871, 35.637721],
            [128.448796, 35.63774],
            [128.448787, 35.637713],
            [128.448544, 35.637715],
            [128.448364, 35.637722],
            [128.448262, 35.637738],
            [128.448184, 35.63777],
            [128.448098, 35.637805],
            [128.448016, 35.637849],
            [128.447937, 35.637897],
            [128.447866, 35.637936],
            [128.447805, 35.637972],
            [128.447648, 35.63809],
            [128.447565, 35.638153],
            [128.447347, 35.63827],
            [128.44736, 35.638272],
            [128.44726, 35.638312],
            [128.44716, 35.638355],
            [128.446954, 35.638413],
            [128.44682, 35.638432],
            [128.446691, 35.63844],
            [128.446539, 35.638421],
            [128.446476, 35.638414],
            [128.446421, 35.638345],
            [128.44637, 35.638279],
            [128.446365, 35.638159],
            [128.446347, 35.638103],
            [128.446284, 35.637995],
            [128.446264, 35.637967],
            [128.446199, 35.637828],
            [128.44617, 35.637752],
            [128.446068, 35.63745],
            [128.445943, 35.636998],
            [128.445932, 35.636984],
            [128.445888, 35.636877],
            [128.445896, 35.636838],
            [128.445871, 35.636782],
            [128.445839, 35.636758],
            [128.445787, 35.636714],
            [128.445766, 35.636701],
            [128.445729, 35.636681],
            [128.445712, 35.636591],
            [128.445704, 35.636555],
            [128.445718, 35.636555],
            [128.445711, 35.636415],
            [128.445705, 35.636344],
            [128.445681, 35.636256],
            [128.445678, 35.636122],
            [128.44569, 35.636056],
            [128.445694, 35.635858],
            [128.445761, 35.635709],
            [128.44586, 35.635477],
            [128.445908, 35.635368],
            [128.445964, 35.635276],
            [128.445977, 35.635237],
            [128.445924, 35.63519],
            [128.445831, 35.635042],
            [128.445781, 35.634972],
            [128.445782, 35.634946],
            [128.445575, 35.634739],
            [128.445396, 35.634619],
            [128.445191, 35.634526],
            [128.445133, 35.634503],
            [128.444964, 35.634399],
            [128.444897, 35.634332],
            [128.444862, 35.634322],
            [128.444827, 35.634445],
            [128.44482, 35.634469],
            [128.444804, 35.634529],
            [128.444787, 35.634695],
            [128.444767, 35.634718],
            [128.44472, 35.63478],
            [128.444566, 35.634867],
            [128.444534, 35.634885],
            [128.444223, 35.635311],
            [128.444202, 35.635341],
            [128.444206, 35.635344],
            [128.444172, 35.635391],
            [128.444157, 35.635413],
            [128.444154, 35.635417],
            [128.444126, 35.635412],
            [128.4441, 35.635404],
            [128.444078, 35.635388],
            [128.444003, 35.635305],
            [128.443994, 35.635296],
            [128.443873, 35.635281],
            [128.443872, 35.635288],
            [128.443821, 35.635286],
            [128.443822, 35.635282],
            [128.443722, 35.63531],
            [128.44371, 35.635314],
            [128.443653, 35.635334],
            [128.443569, 35.635337],
            [128.443448, 35.635373],
            [128.443401, 35.63536],
            [128.443388, 35.635356],
            [128.443358, 35.635347],
            [128.443375, 35.635343],
            [128.443272, 35.635304],
            [128.443194, 35.635276],
            [128.443131, 35.635298],
            [128.443083, 35.635314],
            [128.443076, 35.635317],
            [128.443066, 35.63532],
            [128.443063, 35.635321],
            [128.443059, 35.635322],
            [128.44302, 35.635333],
            [128.443002, 35.635293],
            [128.442999, 35.635287],
            [128.442977, 35.635292],
            [128.442925, 35.635303],
            [128.442923, 35.635299],
            [128.442911, 35.635282],
            [128.442906, 35.635273],
            [128.44286, 35.635197],
            [128.442916, 35.635174],
            [128.442876, 35.635159],
            [128.442872, 35.635136],
            [128.442842, 35.635145],
            [128.442804, 35.63506],
            [128.442817, 35.635057],
            [128.442816, 35.635057],
            [128.442729, 35.634976],
            [128.442697, 35.634947],
            [128.442612, 35.634866],
            [128.442543, 35.634834],
            [128.442415, 35.634739],
            [128.442392, 35.634734],
            [128.44238, 35.634715],
            [128.442255, 35.634631],
            [128.442179, 35.634554],
            [128.441954, 35.634619],
            [128.44193, 35.634619],
            [128.441893, 35.63462],
            [128.441547, 35.634292],
            [128.441326, 35.634152],
            [128.441074, 35.633991],
            [128.441101, 35.633865],
            [128.441121, 35.633774],
            [128.441264, 35.633114],
            [128.441326, 35.63283],
            [128.441313, 35.632777],
            [128.441305, 35.632551],
            [128.441281, 35.632517],
            [128.441144, 35.632551],
            [128.440915, 35.632588],
            [128.440679, 35.632606],
            [128.440631, 35.63256],
            [128.440636, 35.632498],
            [128.440693, 35.632471],
            [128.440681, 35.632419],
            [128.440699, 35.632366],
            [128.440654, 35.63227],
            [128.440661, 35.63224],
            [128.440668, 35.632209],
            [128.440644, 35.63214],
            [128.440625, 35.631754],
            [128.440522, 35.631006],
            [128.440454, 35.63059],
            [128.439854, 35.630434],
            [128.439583, 35.630367],
            [128.439228, 35.630343],
            [128.43885, 35.630319],
            [128.438629, 35.630413],
            [128.437858, 35.630758],
            [128.437701, 35.630706],
            [128.437613, 35.630676],
            [128.437474, 35.630485],
            [128.437379, 35.630375],
            [128.437247, 35.630275],
            [128.437068, 35.63014],
            [128.43696, 35.629897],
            [128.436849, 35.629749],
            [128.436841, 35.629732],
            [128.436712, 35.629512],
            [128.436564, 35.62926],
            [128.436544, 35.629061],
            [128.43651, 35.629],
            [128.436493, 35.628886],
            [128.436399, 35.628819],
            [128.436308, 35.628719],
            [128.436165, 35.628673],
            [128.436149, 35.628592],
            [128.436007, 35.628376],
            [128.435982, 35.628345],
            [128.435565, 35.627956],
            [128.435508, 35.627926],
            [128.435459, 35.627903],
            [128.435375, 35.627832],
            [128.435369, 35.627827],
            [128.435312, 35.627761],
            [128.435213, 35.627649],
            [128.435176, 35.627626],
            [128.435107, 35.627585],
            [128.435041, 35.627538],
            [128.434983, 35.627523],
            [128.434866, 35.627541],
            [128.434817, 35.627507],
            [128.434776, 35.627409],
            [128.434739, 35.62732],
            [128.434683, 35.627242],
            [128.434657, 35.627201],
            [128.434624, 35.627132],
            [128.434585, 35.627081],
            [128.434459, 35.626917],
            [128.434413, 35.626813],
            [128.434327, 35.626708],
            [128.434206, 35.626562],
            [128.434143, 35.626427],
            [128.434014, 35.626114],
            [128.434, 35.626114],
            [128.433815, 35.625889],
            [128.433629, 35.625751],
            [128.433615, 35.625738],
            [128.433451, 35.625594],
            [128.433313, 35.625472],
            [128.433168, 35.625353],
            [128.433125, 35.625281],
            [128.433045, 35.62515],
            [128.432934, 35.624921],
            [128.432905, 35.624868],
            [128.432558, 35.624371],
            [128.432514, 35.624308],
            [128.432437, 35.624198],
            [128.432294, 35.624093],
            [128.432174, 35.62401],
            [128.43214, 35.623926],
            [128.43214, 35.623914],
            [128.432076, 35.623846],
            [128.43202, 35.623785],
            [128.431995, 35.623745],
            [128.431975, 35.623686],
            [128.431901, 35.623464],
            [128.431833, 35.623173],
            [128.43183, 35.623063],
            [128.431854, 35.623081],
            [128.431854, 35.622972],
            [128.431869, 35.622899],
            [128.431863, 35.622802],
            [128.431868, 35.622738],
            [128.431911, 35.622685],
            [128.431897, 35.62267],
            [128.431889, 35.622652],
            [128.431706, 35.622745],
            [128.431681, 35.622725],
            [128.431588, 35.622771],
            [128.431516, 35.622812],
            [128.431479, 35.622792],
            [128.431438, 35.622741],
            [128.431425, 35.622669],
            [128.431446, 35.622591],
            [128.431498, 35.622545],
            [128.431496, 35.622527],
            [128.43147, 35.622521],
            [128.431451, 35.622533],
            [128.431431, 35.622484],
            [128.43142, 35.622465],
            [128.431421, 35.622441],
            [128.431454, 35.622366],
            [128.431463, 35.622319],
            [128.431439, 35.622249],
            [128.431384, 35.622165],
            [128.431311, 35.622123],
            [128.431228, 35.62207],
            [128.431144, 35.621909],
            [128.431062, 35.621788],
            [128.431016, 35.621715],
            [128.430995, 35.621645],
            [128.43098, 35.621639],
            [128.430941, 35.621665],
            [128.430918, 35.621685],
            [128.430861, 35.621753],
            [128.430764, 35.621816],
            [128.430717, 35.621831],
            [128.430661, 35.621878],
            [128.430628, 35.621911],
            [128.430604, 35.621985],
            [128.430529, 35.622035],
            [128.430466, 35.622062],
            [128.430386, 35.622087],
            [128.430347, 35.622103],
            [128.430379, 35.622127],
            [128.430279, 35.622122],
            [128.430249, 35.62212],
            [128.430215, 35.622118],
            [128.43015, 35.622097],
            [128.43012, 35.622088],
            [128.43008, 35.622065],
            [128.430014, 35.621986],
            [128.429968, 35.621917],
            [128.429955, 35.621917],
            [128.429906, 35.621904],
            [128.429885, 35.621898],
            [128.429813, 35.621927],
            [128.429811, 35.62193],
            [128.429822, 35.621943],
            [128.429823, 35.621944],
            [128.429811, 35.621951],
            [128.429788, 35.621964],
            [128.429782, 35.621972],
            [128.429659, 35.622064],
            [128.429487, 35.622198],
            [128.429403, 35.622234],
            [128.428993, 35.622467],
            [128.428962, 35.622485],
            [128.428836, 35.62267],
            [128.428827, 35.622685],
            [128.428583, 35.622943],
            [128.428488, 35.623101],
            [128.428339, 35.623138],
            [128.428086, 35.623293],
            [128.42795, 35.623359],
            [128.427805, 35.623431],
            [128.427665, 35.623463],
            [128.427529, 35.62347],
            [128.427351, 35.623493],
            [128.427332, 35.6235],
            [128.427255, 35.623527],
            [128.427153, 35.623566],
            [128.427084, 35.623628],
            [128.42705, 35.623766],
            [128.427041, 35.623948],
            [128.426805, 35.624079],
            [128.426802, 35.624081],
            [128.426618, 35.624268],
            [128.426489, 35.624369],
            [128.426317, 35.624501],
            [128.426037, 35.62466],
            [128.425949, 35.624739],
            [128.425852, 35.624834],
            [128.425777, 35.6249],
            [128.425584, 35.625023],
            [128.42537, 35.625166],
            [128.425215, 35.625244],
            [128.425225, 35.625278],
            [128.42519, 35.625291],
            [128.425164, 35.625293],
            [128.425091, 35.625286],
            [128.425066, 35.625282],
            [128.424786, 35.62527],
            [128.42474, 35.625276],
            [128.424697, 35.625298],
            [128.424692, 35.625325],
            [128.424696, 35.625345],
            [128.424682, 35.625412],
            [128.424705, 35.625443],
            [128.424674, 35.625479],
            [128.424647, 35.625453],
            [128.424535, 35.625356],
            [128.42436, 35.625197],
            [128.424339, 35.625206],
            [128.424497, 35.625361],
            [128.424437, 35.625387],
            [128.424374, 35.625304],
            [128.424313, 35.625235],
            [128.424285, 35.625219],
            [128.424212, 35.625172],
            [128.424165, 35.625147],
            [128.424063, 35.625061],
            [128.424025, 35.625034],
            [128.423947, 35.624964],
            [128.423869, 35.624839],
            [128.423754, 35.624955],
            [128.423564, 35.625053],
            [128.423541, 35.625065],
            [128.423422, 35.625127],
            [128.423322, 35.625159],
            [128.423223, 35.625183],
            [128.423166, 35.625203],
            [128.423138, 35.625195],
            [128.423107, 35.625202],
            [128.422944, 35.625175],
            [128.422882, 35.625144],
            [128.422801, 35.625097],
            [128.42278, 35.625103],
            [128.422772, 35.625104],
            [128.422737, 35.625124],
            [128.422732, 35.625118],
            [128.422716, 35.625082],
            [128.422696, 35.625058],
            [128.422639, 35.624993],
            [128.422577, 35.624935],
            [128.4225, 35.624879],
            [128.422408, 35.624812],
            [128.4223, 35.624748],
            [128.422259, 35.6247],
            [128.422259, 35.624627],
            [128.42213, 35.624483],
            [128.422084, 35.624433],
            [128.422068, 35.624417],
            [128.422044, 35.624368],
            [128.422013, 35.624329],
            [128.421963, 35.624294],
            [128.421941, 35.624279],
            [128.421903, 35.624209],
            [128.421829, 35.624136],
            [128.421811, 35.624083],
            [128.421779, 35.624038],
            [128.42173, 35.624005],
            [128.421709, 35.623981],
            [128.421718, 35.623969],
            [128.421677, 35.623853],
            [128.421629, 35.623772],
            [128.421604, 35.623715],
            [128.421594, 35.623701],
            [128.421559, 35.623686],
            [128.421524, 35.623658],
            [128.421505, 35.623645],
            [128.421465, 35.623529],
            [128.421446, 35.623471],
            [128.421432, 35.623418],
            [128.421414, 35.62335],
            [128.421398, 35.623298],
            [128.421376, 35.62324],
            [128.421309, 35.623139],
            [128.421253, 35.623063],
            [128.421138, 35.622981],
            [128.421108, 35.622963],
            [128.421108, 35.622936],
            [128.421096, 35.622935],
            [128.421035, 35.622911],
            [128.421005, 35.622895],
            [128.420975, 35.622854],
            [128.420969, 35.62276],
            [128.420958, 35.622687],
            [128.420935, 35.622618],
            [128.420866, 35.622502],
            [128.420829, 35.622423],
            [128.420811, 35.622419],
            [128.420825, 35.622446],
            [128.420804, 35.622446],
            [128.420775, 35.622391],
            [128.420741, 35.622376],
            [128.420657, 35.622361],
            [128.420626, 35.62233],
            [128.420568, 35.622158],
            [128.420551, 35.622125],
            [128.420516, 35.622039],
            [128.420407, 35.621904],
            [128.420363, 35.621812],
            [128.420326, 35.621741],
            [128.420308, 35.621705],
            [128.420304, 35.621664],
            [128.420289, 35.62154],
            [128.420247, 35.621459],
            [128.420168, 35.621409],
            [128.420121, 35.62136],
            [128.420047, 35.621236],
            [128.420028, 35.621106],
            [128.419999, 35.621037],
            [128.420001, 35.621032],
            [128.42001, 35.620983],
            [128.420015, 35.620908],
            [128.419867, 35.620774],
            [128.419798, 35.620712],
            [128.419693, 35.620623],
            [128.419641, 35.62057],
            [128.419578, 35.620439],
            [128.419537, 35.620379],
            [128.419438, 35.620231],
            [128.419259, 35.620007],
            [128.419238, 35.619942],
            [128.419174, 35.619856],
            [128.41904, 35.619698],
            [128.418982, 35.619779],
            [128.418904, 35.619961],
            [128.418853, 35.620043],
            [128.418804, 35.620096],
            [128.418679, 35.620238],
            [128.418649, 35.620297],
            [128.418642, 35.620298],
            [128.41864, 35.620302],
            [128.418634, 35.620317],
            [128.418642, 35.620519],
            [128.41865, 35.620659],
            [128.418658, 35.620867],
            [128.418659, 35.620892],
            [128.418669, 35.621112],
            [128.418656, 35.621147],
            [128.41864, 35.621179],
            [128.418548, 35.621326],
            [128.418496, 35.621417],
            [128.418506, 35.621422],
            [128.418408, 35.621538],
            [128.418353, 35.621601],
            [128.418294, 35.621655],
            [128.418215, 35.621689],
            [128.418119, 35.621725],
            [128.418105, 35.621728],
            [128.418061, 35.62174],
            [128.418022, 35.621752],
            [128.417967, 35.621786],
            [128.417946, 35.621785],
            [128.41787, 35.621745],
            [128.417773, 35.621697],
            [128.417743, 35.621682],
            [128.417705, 35.621692],
            [128.417644, 35.621707],
            [128.417593, 35.621748],
            [128.417515, 35.621814],
            [128.417489, 35.621823],
            [128.41738, 35.621864],
            [128.417289, 35.621845],
            [128.417106, 35.621889],
            [128.417014, 35.621956],
            [128.416956, 35.621885],
            [128.416667, 35.621962],
            [128.416725, 35.62188],
            [128.416796, 35.621827],
            [128.416877, 35.621767],
            [128.416878, 35.621767],
            [128.416923, 35.621739],
            [128.416993, 35.621695],
            [128.41706, 35.62165],
            [128.417081, 35.621557],
            [128.416964, 35.621625],
            [128.416746, 35.621745],
            [128.416714, 35.621742],
            [128.416462, 35.621711],
            [128.416456, 35.621711],
            [128.416372, 35.621691],
            [128.416348, 35.621683],
            [128.416284, 35.621618],
            [128.416284, 35.621617],
            [128.416283, 35.621616],
            [128.416282, 35.621611],
            [128.416268, 35.621557],
            [128.41625, 35.62154],
            [128.416165, 35.621461],
            [128.416139, 35.621395],
            [128.416092, 35.621357],
            [128.415998, 35.62128],
            [128.415872, 35.621211],
            [128.415853, 35.621214],
            [128.415812, 35.62113],
            [128.415792, 35.62112],
            [128.415754, 35.621093],
            [128.415718, 35.621067],
            [128.415681, 35.621043],
            [128.415604, 35.620944],
            [128.415604, 35.620913],
            [128.415666, 35.620976],
            [128.415717, 35.621051],
            [128.415712, 35.621025],
            [128.415677, 35.620962],
            [128.415673, 35.620954],
            [128.415662, 35.620944],
            [128.415603, 35.620888],
            [128.415599, 35.620869],
            [128.415596, 35.620848],
            [128.415593, 35.620834],
            [128.41559, 35.620755],
            [128.415704, 35.620682],
            [128.415752, 35.620655],
            [128.415962, 35.62061],
            [128.415972, 35.620581],
            [128.415944, 35.620553],
            [128.415976, 35.620517],
            [128.415978, 35.620417],
            [128.415921, 35.620317],
            [128.415923, 35.620225],
            [128.415928, 35.620178],
            [128.415929, 35.62013],
            [128.415822, 35.620046],
            [128.415772, 35.620001],
            [128.415755, 35.619986],
            [128.415648, 35.619932],
            [128.415414, 35.619813],
            [128.415434, 35.619685],
            [128.41546, 35.619429],
            [128.415439, 35.619421],
            [128.415429, 35.619417],
            [128.415387, 35.619209],
            [128.415306, 35.618992],
            [128.415282, 35.618927],
            [128.415278, 35.618904],
            [128.415222, 35.618867],
            [128.415146, 35.618816],
            [128.415149, 35.618812],
            [128.415159, 35.618803],
            [128.41507, 35.618739],
            [128.415017, 35.618672],
            [128.414966, 35.618624],
            [128.414877, 35.618572],
            [128.41478, 35.618452],
            [128.414771, 35.618398],
            [128.414722, 35.618321],
            [128.414639, 35.618224],
            [128.414585, 35.618191],
            [128.414552, 35.618179],
            [128.414447, 35.618052],
            [128.41444, 35.618044],
            [128.414415, 35.618002],
            [128.414313, 35.617909],
            [128.414195, 35.617832],
            [128.414184, 35.617819],
            [128.41413, 35.61776],
            [128.41407, 35.617645],
            [128.414055, 35.617578],
            [128.414023, 35.617491],
            [128.413993, 35.617428],
            [128.413968, 35.617345],
            [128.413927, 35.617279],
            [128.413918, 35.617233],
            [128.4138, 35.617147],
            [128.413586, 35.617063],
            [128.413563, 35.617025],
            [128.413404, 35.617004],
            [128.413336, 35.616995],
            [128.413196, 35.616839],
            [128.413169, 35.616801],
            [128.413138, 35.616729],
            [128.413073, 35.616649],
            [128.412999, 35.616558],
            [128.412976, 35.616553],
            [128.412674, 35.616528],
            [128.412672, 35.616528],
            [128.412383, 35.616505],
            [128.412244, 35.616438],
            [128.411977, 35.61631],
            [128.411672, 35.616035],
            [128.411602, 35.615995],
            [128.411417, 35.616027],
            [128.411393, 35.615999],
            [128.411215, 35.616026],
            [128.411088, 35.616032],
            [128.411023, 35.616028],
            [128.410935, 35.616028],
            [128.410881, 35.615981],
            [128.410779, 35.615919],
            [128.41073, 35.6159],
            [128.410679, 35.615858],
            [128.410679, 35.61578],
            [128.410624, 35.615649],
            [128.410583, 35.615573],
            [128.410542, 35.615539],
            [128.41049, 35.615537],
            [128.410478, 35.615579],
            [128.410476, 35.615664],
            [128.410499, 35.615755],
            [128.410461, 35.615778],
            [128.410429, 35.615675],
            [128.41041, 35.615567],
            [128.410386, 35.615547],
            [128.41036, 35.615513],
            [128.410352, 35.615465],
            [128.410345, 35.615438],
            [128.410362, 35.615421],
            [128.410369, 35.615397],
            [128.41039, 35.615373],
            [128.410405, 35.615339],
            [128.41042, 35.615331],
            [128.41045, 35.61531],
            [128.410434, 35.615279],
            [128.410391, 35.615227],
            [128.410322, 35.615183],
            [128.41021, 35.615131],
            [128.410156, 35.615097],
            [128.410029, 35.615121],
            [128.409912, 35.615086],
            [128.409541, 35.615035],
            [128.409455, 35.615033],
            [128.409406, 35.615032],
            [128.409252, 35.615052],
            [128.409241, 35.615054],
            [128.40919, 35.615045],
            [128.409025, 35.615016],
            [128.408956, 35.614954],
            [128.408855, 35.61498],
            [128.408826, 35.614994],
            [128.408765, 35.615024],
            [128.408719, 35.615058],
            [128.408649, 35.615094],
            [128.408566, 35.615113],
            [128.408495, 35.615095],
            [128.40849, 35.615094],
            [128.40847, 35.615061],
            [128.408424, 35.61502],
            [128.408369, 35.614992],
            [128.40827, 35.61495],
            [128.40824, 35.614929],
            [128.408187, 35.614917],
            [128.408109, 35.614946],
            [128.408013, 35.614937],
            [128.407931, 35.614938],
            [128.407893, 35.614926],
            [128.407829, 35.614882],
            [128.407787, 35.614823],
            [128.407708, 35.614785],
            [128.407635, 35.614773],
            [128.40756, 35.614793],
            [128.407541, 35.61479],
            [128.407489, 35.614784],
            [128.407427, 35.61476],
            [128.407179, 35.614659],
            [128.407063, 35.614641],
            [128.406979, 35.614589],
            [128.406856, 35.614512],
            [128.406752, 35.61442],
            [128.406543, 35.614197],
            [128.406498, 35.614191],
            [128.406433, 35.614216],
            [128.406305, 35.614258],
            [128.406207, 35.614298],
            [128.406017, 35.614399],
            [128.405864, 35.614453],
            [128.405856, 35.61446],
            [128.405772, 35.614531],
            [128.405681, 35.614544],
            [128.405614, 35.614568],
            [128.405548, 35.614615],
            [128.405424, 35.614748],
            [128.405342, 35.614748],
            [128.405206, 35.614822],
            [128.40508, 35.614928],
            [128.404932, 35.615152],
            [128.404845, 35.615313],
            [128.404874, 35.615337],
            [128.404938, 35.615378],
            [128.405004, 35.615403],
            [128.405076, 35.615402],
            [128.405118, 35.615419],
            [128.405182, 35.615405],
            [128.405182, 35.615658],
            [128.405114, 35.615658],
            [128.405061, 35.615714],
            [128.405004, 35.61572],
            [128.404914, 35.615757],
            [128.404861, 35.615779],
            [128.404833, 35.615879],
            [128.404827, 35.615911],
            [128.404815, 35.615971],
            [128.404812, 35.616119],
            [128.404858, 35.616229],
            [128.404879, 35.616324],
            [128.404757, 35.616387],
            [128.404626, 35.616431],
            [128.404595, 35.616489],
            [128.404499, 35.61657],
            [128.404451, 35.616584],
            [128.404421, 35.616624],
            [128.404408, 35.616622],
            [128.404399, 35.616621],
            [128.404352, 35.616597],
            [128.404243, 35.616749],
            [128.404214, 35.61681],
            [128.404208, 35.616906],
            [128.404207, 35.616931],
            [128.404182, 35.616976],
            [128.404157, 35.617009],
            [128.404151, 35.617042],
            [128.404125, 35.617067],
            [128.404106, 35.617067],
            [128.404031, 35.617104],
            [128.404024, 35.617108],
            [128.403958, 35.61714],
            [128.403863, 35.61717],
            [128.403789, 35.617193],
            [128.403763, 35.617227],
            [128.403754, 35.617239],
            [128.403687, 35.617305],
            [128.403643, 35.617332],
            [128.403546, 35.617395],
            [128.403493, 35.617411],
            [128.403448, 35.617397],
            [128.403398, 35.617365],
            [128.40333, 35.617332],
            [128.403254, 35.617331],
            [128.402925, 35.617305],
            [128.402953, 35.617212],
            [128.402954, 35.617209],
            [128.40291, 35.617102],
            [128.402915, 35.617022],
            [128.402917, 35.617016],
            [128.402912, 35.617015],
            [128.40289, 35.617],
            [128.402875, 35.616895],
            [128.402875, 35.616813],
            [128.402912, 35.616814],
            [128.402926, 35.616699],
            [128.402902, 35.616572],
            [128.402906, 35.616515],
            [128.402945, 35.616469],
            [128.403011, 35.616429],
            [128.403035, 35.616396],
            [128.403003, 35.616327],
            [128.403001, 35.616322],
            [128.402971, 35.616258],
            [128.402946, 35.61621],
            [128.402937, 35.616174],
            [128.402883, 35.616058],
            [128.402848, 35.615983],
            [128.402852, 35.615974],
            [128.402853, 35.615974],
            [128.402783, 35.615797],
            [128.402765, 35.61575],
            [128.40277, 35.615704],
            [128.402793, 35.61568],
            [128.402864, 35.615569],
            [128.402874, 35.615553],
            [128.402873, 35.615536],
            [128.402871, 35.61546],
            [128.402887, 35.615356],
            [128.402899, 35.615301],
            [128.402915, 35.61523],
            [128.402924, 35.61521],
            [128.402804, 35.6152],
            [128.40274, 35.615211],
            [128.402713, 35.615216],
            [128.402689, 35.615216],
            [128.402653, 35.615239],
            [128.402654, 35.615245],
            [128.402637, 35.615249],
            [128.402588, 35.615279],
            [128.402504, 35.61531],
            [128.402392, 35.615317],
            [128.402215, 35.615388],
            [128.402128, 35.615382],
            [128.402126, 35.615393],
            [128.402057, 35.615389],
            [128.402057, 35.615386],
            [128.402054, 35.615387],
            [128.401904, 35.615467],
            [128.401886, 35.615451],
            [128.401844, 35.61546],
            [128.401829, 35.615479],
            [128.401825, 35.615482],
            [128.401799, 35.615513],
            [128.401736, 35.615485],
            [128.401128, 35.615627],
            [128.400767, 35.615692],
            [128.400162, 35.615785],
            [128.399348, 35.61591],
            [128.399292, 35.615919],
            [128.399259, 35.615897],
            [128.39867, 35.615503],
            [128.398302, 35.615258],
            [128.398281, 35.615244],
            [128.398276, 35.615229],
            [128.398231, 35.615107],
            [128.398082, 35.614982],
            [128.397842, 35.614968],
            [128.397347, 35.614939],
            [128.397106, 35.614928],
            [128.396718, 35.614838],
            [128.39645, 35.614776],
            [128.396202, 35.614533],
            [128.396018, 35.614292],
            [128.395775, 35.614134],
            [128.395649, 35.614216],
            [128.395351, 35.614409],
            [128.395255, 35.614471],
            [128.395195, 35.61451],
            [128.394991, 35.614421],
            [128.394926, 35.614372],
            [128.394879, 35.614336],
            [128.394356, 35.613936],
            [128.394312, 35.613889],
            [128.393656, 35.613197],
            [128.393687, 35.612996],
            [128.393485, 35.612789],
            [128.39235, 35.612515],
            [128.391798, 35.612494],
            [128.391045, 35.612332],
            [128.390561, 35.612404],
            [128.390129, 35.612381],
            [128.38984, 35.612044],
            [128.389694, 35.611795],
            [128.389036, 35.611448],
            [128.388384, 35.610774],
            [128.388118, 35.610513],
            [128.388088, 35.610506],
            [128.387752, 35.610151],
            [128.387692, 35.61016],
            [128.387491, 35.610235],
            [128.387227, 35.610139],
            [128.386615, 35.610232],
            [128.386414, 35.610214],
            [128.386336, 35.610164],
            [128.386222, 35.610091],
            [128.385601, 35.610039],
            [128.384926, 35.610071],
            [128.384426, 35.609915],
            [128.384407, 35.609909],
            [128.384299, 35.609819],
            [128.384129, 35.609676],
            [128.384011, 35.609626],
            [128.383949, 35.609598],
            [128.383941, 35.609567],
            [128.383772, 35.60882],
            [128.383751, 35.608802],
            [128.383542, 35.608416],
            [128.383511, 35.608359],
            [128.383412, 35.608085],
            [128.383284, 35.607895],
            [128.383263, 35.607863],
            [128.382899, 35.607474],
            [128.382816, 35.607386],
            [128.38252, 35.607064],
            [128.382492, 35.607038],
            [128.382392, 35.606966],
            [128.382444, 35.606902],
            [128.382436, 35.606889],
            [128.382443, 35.606862],
            [128.382347, 35.606716],
            [128.382365, 35.606701],
            [128.382396, 35.606647],
            [128.3824, 35.606639],
            [128.382418, 35.606597],
            [128.382421, 35.606557],
            [128.382399, 35.60654],
            [128.382171, 35.606599],
            [128.381918, 35.606615],
            [128.381695, 35.606768],
            [128.381562, 35.60686],
            [128.381187, 35.6072],
            [128.380882, 35.607482],
            [128.380861, 35.607499],
            [128.380721, 35.607643],
            [128.380698, 35.607667],
            [128.380545, 35.607825],
            [128.380396, 35.60817],
            [128.380728, 35.608695],
            [128.38081, 35.608835],
            [128.380783, 35.609025],
            [128.380234, 35.609247],
            [128.379819, 35.609252],
            [128.379297, 35.608814],
            [128.379059, 35.608531],
            [128.378648, 35.60798],
            [128.378569, 35.607814],
            [128.378345, 35.606999],
            [128.378125, 35.606843],
            [128.377824, 35.606817],
            [128.377175, 35.606959],
            [128.377079, 35.60698],
            [128.376241, 35.607281],
            [128.375421, 35.607578],
            [128.374836, 35.607796],
            [128.374598, 35.607917],
            [128.374159, 35.60814],
            [128.373712, 35.608377],
            [128.373471, 35.608379],
            [128.373247, 35.608382],
            [128.373047, 35.608408],
            [128.372975, 35.608418],
            [128.372739, 35.608449],
            [128.372452, 35.60885],
            [128.371918, 35.609152],
            [128.371543, 35.609285],
            [128.371363, 35.609414],
            [128.371246, 35.609591],
            [128.371148, 35.610233],
            [128.371251, 35.610344],
            [128.371748, 35.610881],
            [128.37192, 35.611067],
            [128.372347, 35.611529],
            [128.372817, 35.611947],
            [128.373235, 35.612326],
            [128.373414, 35.612486],
            [128.375292, 35.612923],
            [128.37615, 35.613117],
            [128.377863, 35.613519],
            [128.378412, 35.613649],
            [128.380325, 35.6145],
            [128.381281, 35.614929],
            [128.383395, 35.615874],
            [128.383906, 35.61608],
            [128.384348, 35.616258],
            [128.386263, 35.617048],
            [128.38671, 35.617242],
            [128.386958, 35.617348],
            [128.387412, 35.617527],
            [128.388081, 35.617806],
            [128.388376, 35.617928],
            [128.388863, 35.618417],
            [128.388953, 35.61851],
            [128.38933, 35.618892],
            [128.38965, 35.619221],
            [128.390163, 35.619871],
            [128.390574, 35.620398],
            [128.39094, 35.620873],
            [128.391102, 35.621072],
            [128.391346, 35.621378],
            [128.391459, 35.621521],
            [128.391508, 35.621584],
            [128.3917, 35.621837],
            [128.391997, 35.622213],
            [128.391998, 35.622215],
            [128.392109, 35.622356],
            [128.392244, 35.622527],
            [128.392567, 35.622745],
            [128.393306, 35.623249],
            [128.393917, 35.624045],
            [128.394365, 35.62464],
            [128.394911, 35.625373],
            [128.395265, 35.625837],
            [128.395486, 35.626211],
            [128.395798, 35.626737],
            [128.3964, 35.627763],
            [128.396512, 35.627954],
            [128.396699, 35.628273],
            [128.396792, 35.628433],
            [128.397012, 35.628813],
            [128.397201, 35.629136],
            [128.397437, 35.629361],
            [128.397528, 35.629449],
            [128.397769, 35.629681],
            [128.398015, 35.629918],
            [128.398212, 35.630106],
            [128.398493, 35.630346],
            [128.398658, 35.630488],
            [128.398871, 35.630671],
            [128.398995, 35.630778],
            [128.399953, 35.63161],
            [128.400183, 35.631808],
            [128.400596, 35.632165],
            [128.401113, 35.632603],
            [128.401251, 35.632729],
            [128.401314, 35.632994],
            [128.401418, 35.633438],
            [128.401608, 35.63426],
            [128.401852, 35.635302],
            [128.401954, 35.635743],
            [128.401873, 35.636339],
            [128.401722, 35.637358],
            [128.401629, 35.637967],
            [128.40146, 35.639015],
            [128.40112, 35.640152],
            [128.400942, 35.640725],
            [128.400804, 35.641178],
            [128.400708, 35.641491],
            [128.400466, 35.642282],
            [128.400363, 35.643145],
            [128.400186, 35.644474],
            [128.400123, 35.644991],
            [128.400094, 35.645178],
            [128.400071, 35.645332],
            [128.400037, 35.645555],
            [128.399764, 35.645962],
            [128.399382, 35.646558],
            [128.398614, 35.647731],
            [128.398247, 35.648293],
            [128.397912, 35.648809],
            [128.396417, 35.650028],
            [128.39622, 35.650189],
            [128.395736, 35.650585],
            [128.39505, 35.651142],
            [128.39492, 35.651247],
            [128.39394, 35.652043],
            [128.393473, 35.65243],
            [128.393223, 35.652644],
            [128.392817, 35.652992],
            [128.392592, 35.653178],
            [128.392531, 35.653231],
            [128.39227, 35.653449],
            [128.392194, 35.653491],
            [128.391831, 35.653683],
            [128.391586, 35.653813],
            [128.391195, 35.654021],
            [128.390648, 35.654313],
            [128.390472, 35.654409],
            [128.390025, 35.654648],
            [128.389414, 35.654976],
            [128.38887, 35.655265],
            [128.388565, 35.655532],
            [128.388114, 35.655925],
            [128.387744, 35.65625],
            [128.387049, 35.656639],
            [128.386151, 35.657129],
            [128.385852, 35.657294],
            [128.38511, 35.657701],
            [128.384362, 35.65811],
            [128.383686, 35.658486],
            [128.383451, 35.658731],
            [128.382669, 35.659544],
            [128.381617, 35.660242],
            [128.380357, 35.661087],
            [128.379444, 35.661717],
            [128.378855, 35.662108],
            [128.378622, 35.662269],
            [128.37809, 35.662623],
            [128.377798, 35.662824],
            [128.377592, 35.662966],
            [128.376029, 35.664048],
            [128.374737, 35.664942],
            [128.373979, 35.665504],
            [128.373312, 35.666008],
            [128.372943, 35.66629],
            [128.372511, 35.666621],
            [128.371587, 35.667442],
            [128.370758, 35.668175],
            [128.370186, 35.668722],
            [128.369505, 35.669381],
            [128.369477, 35.669408],
            [128.369036, 35.66983],
            [128.368364, 35.670484],
            [128.368029, 35.670808],
            [128.36741, 35.671414],
            [128.366892, 35.671837],
            [128.363442, 35.674649],
            [128.362864, 35.675119],
            [128.362319, 35.675574],
            [128.361722, 35.676333],
            [128.361624, 35.676458],
            [128.361335, 35.676816],
            [128.361069, 35.677149],
            [128.360479, 35.677893],
            [128.359931, 35.678586],
            [128.359755, 35.678823],
            [128.359334, 35.679362],
            [128.3589, 35.67993],
            [128.358749, 35.680129],
            [128.358595, 35.680321],
            [128.358448, 35.680512],
            [128.35823, 35.680794],
            [128.357968, 35.681142],
            [128.357615, 35.68162],
            [128.357186, 35.682195],
            [128.35708, 35.682382],
            [128.356934, 35.682638],
            [128.356723, 35.683017],
            [128.356452, 35.683507],
            [128.355954, 35.684397],
            [128.355715, 35.684955],
            [128.355281, 35.685965],
            [128.354992, 35.686646],
            [128.354567, 35.687659],
            [128.35427, 35.688445],
            [128.354067, 35.688957],
            [128.353924, 35.689321],
            [128.353797, 35.689648],
            [128.353666, 35.689979],
            [128.353441, 35.690567],
            [128.353298, 35.690922],
            [128.353087, 35.691614],
            [128.35289, 35.692249],
            [128.352668, 35.692972],
            [128.352456, 35.693652],
            [128.352293, 35.694189],
            [128.35222, 35.694497],
            [128.352054, 35.695216],
            [128.351924, 35.695798],
            [128.351783, 35.696421],
            [128.351548, 35.697458],
            [128.351545, 35.697626],
            [128.351518, 35.698275],
            [128.351476, 35.69943]
          ]
        ]
      }
    }
  ]
}
